country,source_document,topic,substance_name,substance_code,substance_category,food_category_label,conditions,value_type,value_min,value_max,unit,basis,is_ambiguous,ambiguity_note,footnote_refs,raw_text_span,extraction_method,chunk_index
Thaïlande,thailand_414_2020_contaminants.pdf,,"(non identifié, voir raw_text_span)",,,เมล็ดธัญพืช ยกเว้น บัควีต กานิวา,,maximum,,0.1,,,False,,,เมล็ดธัญพืช ยกเว้น บัควีต กานิวา           0.1               ทั้งเมล็ด                                                 (1),layout,
Thaïlande,thailand_414_2020_contaminants.pdf,,"(non identifié, voir raw_text_span)",,,ข้าวขัดสี,,maximum,,0.4,,,False,,,ข้าวขัดสี                                 0.4               ทั้งเมล็ด                                                 (1),layout,
Thaïlande,thailand_414_2020_contaminants.pdf,,"(non identifié, voir raw_text_span)",,,ข้าวสาลีรวมทั้งดูรัมวีต สเปลต์,,maximum,,0.2,,,False,,,ข้าวสาลีรวมทั้งดูรัมวีต สเปลต์            0.2               ทั้งเมล็ด                                                 (1),layout,
Thaïlande,thailand_414_2020_contaminants.pdf,,"(non identifié, voir raw_text_span)",,,ผักตระกูลกะหล่า ยกเว้นผักใบตระกูล,,maximum,,0.05,,,False,,,ผักตระกูลกะหล่า ยกเว้นผักใบตระกูล          0.05              กะหล่าหัวและกะหล่าปม: ทุกส่วนแต่ไม่รวมส่วนที่เน่าเสีย     (1),layout,
Thaïlande,thailand_414_2020_contaminants.pdf,,"(non identifié, voir raw_text_span)",,,ผักใบ รวมทั้งผักใบตระกูลกะหล่า,,maximum,,0.2,,,False,,,ผักใบ รวมทั้งผักใบตระกูลกะหล่า             0.2               ทุกส่วนที่ตัดแต่งพร้อมจ่าหน่าย โดยเอาส่วนที่เน่าเสีย      (1),layout,
Thaïlande,thailand_414_2020_contaminants.pdf,,"(non identifié, voir raw_text_span)",,,ผักที่บริโภคล่าต้นหรือก้าน,,maximum,,0.1,,,False,,,ผักที่บริโภคล่าต้นหรือก้าน                 0.1               ทุกส่วนที่ตัดแต่งพร้อมบริโภคโดยแยกเอาส่วนที่เน่าเสีย      (1),layout,
Thaïlande,thailand_414_2020_contaminants.pdf,,"(non identifié, voir raw_text_span)",,,ผักบริโภคผล ยกเว้นมะเขือเทศ,,maximum,,0.05,,,False,,,ผักบริโภคผล ยกเว้นมะเขือเทศ                0.05              ทุกส่วนหลังจากน่าขั้วผลออก                                (1),layout,
Thaïlande,thailand_414_2020_contaminants.pdf,,"(non identifié, voir raw_text_span)",,,ผักรากและผักหัว ยกเว้น เซเลอริแอก,,maximum,,0.1,,,False,,,ผักรากและผักหัว ยกเว้น เซเลอริแอก          0.1               ทั้งรากและหัวที่ตัดส่วนก้านใบออกและผ่านการท่า             (1),layout,
Thaïlande,thailand_414_2020_contaminants.pdf,,"(non identifié, voir raw_text_span)",,,พืชหัวแบบหอม,,maximum,,0.05,,,False,,,พืชหัวแบบหอม                               0.05              หัวหอมและกระเทียมทั้งแบบสดและแห้ง โดยตัดส่วน              (1),layout,
Thaïlande,thailand_414_2020_contaminants.pdf,,"(non identifié, voir raw_text_span)",,,ถั่วฝักสด,,maximum,,0.1,,,False,,,ถั่วฝักสด                                  0.1               ทุกส่วนที่สามารถบริโภคได้                                 (1),layout,
Thaïlande,thailand_414_2020_contaminants.pdf,,"(non identifié, voir raw_text_span)",,,ถั่วเมล็ดแห้ง ยกเว้น ถั่วเหลืองเมล็ดแห้ง,,maximum,,0.1,,,False,,,ถั่วเมล็ดแห้ง ยกเว้น ถั่วเหลืองเมล็ดแห้ง            0.1             ทั้งเมล็ด                                           (1),layout,
Thaïlande,thailand_414_2020_contaminants.pdf,,"(non identifié, voir raw_text_span)",,,- ผลิตภัณฑ์ช็อกโกแลตที่มีปริมาณ,,maximum,,0.8,,,False,,,- ผลิตภัณฑ์ช็อกโกแลตที่มีปริมาณ                  0.8                ช็อกโกแลตจิอานดูจา และช็อกโกแลตชนิดเส้นหรือ,layout,
Thaïlande,thailand_414_2020_contaminants.pdf,,"(non identifié, voir raw_text_span)",,,ปลา,,maximum,,1.0,,,False,,,ปลา                                                 1               เฉพาะส่วนที่บริโภคได้ โดยไม่รวมอวัยวะภายใน          (1),layout,
Thaïlande,thailand_414_2020_contaminants.pdf,,"(non identifié, voir raw_text_span)",,,สัตว์จ่าพวกหมึก รวมทั้ง หมึกกระดอง,,maximum,,2.0,,,False,,,สัตว์จ่าพวกหมึก รวมทั้ง หมึกกระดอง                  2               เฉพาะส่วนที่บริโภคได้ หลังจากเอากระดองและอวัยวะ     (1),layout,
Thaïlande,thailand_414_2020_contaminants.pdf,,"(non identifié, voir raw_text_span)",,,หอยสองฝา เช่น หอยกาบตลับ,,maximum,,2.0,,,False,,,หอยสองฝา เช่น หอยกาบตลับ                            2               เฉพาะส่วนที่บริโภคได้                               (1),layout,
Thaïlande,thailand_414_2020_contaminants.pdf,,"(non identifié, voir raw_text_span)",,,หอยฝาเดียวทุกชนิด,,maximum,,2.0,,,False,,,หอยฝาเดียวทุกชนิด                                   2               เฉพาะส่วนที่บริโภคได้                               (1),layout,
Thaïlande,thailand_414_2020_contaminants.pdf,,"(non identifié, voir raw_text_span)",,,เกลือบริโภค,,maximum,,0.5,,,False,,,เกลือบริโภค                                         0.5             เกลือเม็ด หรือเกลือป่น                              (1),layout,
Thaïlande,thailand_414_2020_contaminants.pdf,,"(non identifié, voir raw_text_span)",,,ชา หรือชาสมุนไพร,,maximum,,0.3,,,False,,,ชา หรือชาสมุนไพร                                    0.3             ลักษณะแห้ง                                          (1),layout,
Thaïlande,thailand_414_2020_contaminants.pdf,,"(non identifié, voir raw_text_span)",,,ผลิตภัณฑ์เสริมอาหาร,,maximum,,0.3,,,False,,,ผลิตภัณฑ์เสริมอาหาร                                 0.3             ในสภาพพร้อมบริโภค,layout,
Thaïlande,thailand_414_2020_contaminants.pdf,,"(non identifié, voir raw_text_span)",,,สาหร่าย,,maximum,,2.0,,,False,,,สาหร่าย                                             2               ลักษณะแห้ง                                          (1),layout,
Thaïlande,thailand_414_2020_contaminants.pdf,,"(non identifié, voir raw_text_span)",,,เครื่องดื่มกระป๋อง,,maximum,,150.0,,,False,,,เครื่องดื่มกระป๋อง                             150           ในสภาพพร้อมบริโภค,layout,
Thaïlande,thailand_414_2020_contaminants.pdf,,"(non identifié, voir raw_text_span)",,,อาหารกระป๋อง ยกเว้น เครื่องดื่มกระป๋อง,,maximum,,250.0,,,False,,,อาหารกระป๋อง ยกเว้น เครื่องดื่มกระป๋อง         250           ในสภาพพร้อมบริโภค,layout,
Thaïlande,thailand_414_2020_contaminants.pdf,,"(non identifié, voir raw_text_span)",,,- เนื้อบดปรุงสุก เช่น คอร์นบีพ,,maximum,,50.0,,,False,,,- เนื้อบดปรุงสุก เช่น คอร์นบีพ                50           ในสภาพพร้อมบริโภค,layout,
Thaïlande,thailand_414_2020_contaminants.pdf,,"(non identifié, voir raw_text_span)",,,- ลันชันมีต,,maximum,,50.0,,,False,,,- ลันชันมีต                                   50           ในสภาพพร้อมบริโภค,layout,
Thaïlande,thailand_414_2020_contaminants.pdf,,"(non identifié, voir raw_text_span)",,,- ผลิตภัณฑ์เนื้อสัตว์ตัดแต่งที่ผ่าน,,maximum,,50.0,,,False,,,- ผลิตภัณฑ์เนื้อสัตว์ตัดแต่งที่ผ่าน           50           ในสภาพพร้อมบริโภค,layout,
Thaïlande,thailand_414_2020_contaminants.pdf,,"(non identifié, voir raw_text_span)",,,- ผลิตภัณฑ์เนื้อสัตว์บดที่ผ่านความร้อน,,maximum,,50.0,,,False,,,- ผลิตภัณฑ์เนื้อสัตว์บดที่ผ่านความร้อน        50           ในสภาพพร้อมบริโภค,layout,
Thaïlande,thailand_414_2020_contaminants.pdf,,"(non identifié, voir raw_text_span)",,,- สันคอหมูปรุงสุก,,maximum,,50.0,,,False,,,- สันคอหมูปรุงสุก                                  50             ในสภาพพร้อมบริโภค,layout,
Thaïlande,thailand_414_2020_contaminants.pdf,,"(non identifié, voir raw_text_span)",,,แยม เยลลี่ และมาร์มาเลด,,maximum,,250.0,,,False,,,แยม เยลลี่ และมาร์มาเลด                            250              ในสภาพพร้อมบริโภค,layout,
Thaïlande,thailand_414_2020_contaminants.pdf,,"(non identifié, voir raw_text_span)",,,เมล็ดธัญพืช ยกเว้น บัควีต กานิวาและควินัว,,maximum,,0.2,,,False,,,เมล็ดธัญพืช ยกเว้น บัควีต กานิวาและควินัว          0.2               ทั้งเมล็ด                                              (1),layout,
Thaïlande,thailand_414_2020_contaminants.pdf,,"(non identifié, voir raw_text_span)",,,ผักตระกูลกะหล่า ยกเว้น เคล และผักใบ,,maximum,,0.1,,,False,,,ผักตระกูลกะหล่า ยกเว้น เคล และผักใบ                0.1               กะหล่าหัวและกะหล่าปม: ทุกส่วนที่ตัดแต่งพร้อม           (1),layout,
Thaïlande,thailand_414_2020_contaminants.pdf,,"(non identifié, voir raw_text_span)",,,ผักบริโภคผล,,maximum,,0.05,,,False,,,ผักบริโภคผล                                        0.05              ทุกส่วนที่บริโภคได้หลังจากเอาขั้วผลออก                 (1),layout,
Thaïlande,thailand_414_2020_contaminants.pdf,,"(non identifié, voir raw_text_span)",,,ผักใบ รวมทั้ง ผักใบตระกูลกะหล่ายกเว้น,,maximum,,0.3,,,False,,,ผักใบ รวมทั้ง ผักใบตระกูลกะหล่ายกเว้น              0.3               ทุกส่วนที่ตัดแต่งพร้อมจ่าหน่ายหลังจากที่เอาส่วนที่     (1),layout,
Thaïlande,thailand_414_2020_contaminants.pdf,,"(non identifié, voir raw_text_span)",,,ผักรากและผักหัว,,maximum,,0.1,,,False,,,ผักรากและผักหัว                                    0.1               ทั้งรากและหัวที่ตัดส่วนก้านใบออก และผ่านการ            (1),layout,
Thaïlande,thailand_414_2020_contaminants.pdf,,"(non identifié, voir raw_text_span)",,,พืชหัวแบบหอม,,maximum,,0.1,,,False,,,พืชหัวแบบหอม                                       0.1               หัวหอมและกระเทียม โดยตัดราก และแกะเปลือก               (1),layout,
Thaïlande,thailand_414_2020_contaminants.pdf,,"(non identifié, voir raw_text_span)",,,ถั่วฝักสด,,maximum,,0.1,,,False,,,ถั่วฝักสด                                          0.1               เฉพาะส่วนที่บริโภคได้                                  (1),layout,
Thaïlande,thailand_414_2020_contaminants.pdf,,"(non identifié, voir raw_text_span)",,,ผักกระป๋อง รวมทั้ง ผักตระกูลกะหล่า,,maximum,,0.1,,,False,,,ผักกระป๋อง รวมทั้ง ผักตระกูลกะหล่า                 0.1               ในสภาพพร้อมบริโภค,layout,
Thaïlande,thailand_414_2020_contaminants.pdf,,"(non identifié, voir raw_text_span)",,,มะเขือเทศแปรรูป,,maximum,,0.05,,,False,,,มะเขือเทศแปรรูป                                    0.05              ในสภาพพร้อมบริโภค                                      (2),layout,
Thaïlande,thailand_414_2020_contaminants.pdf,,"(non identifié, voir raw_text_span)",,,แตงกวาดอง,,maximum,,0.1,,,False,,,แตงกวาดอง                                          0.1               ในสภาพพร้อมบริโภค,layout,
Thaïlande,thailand_414_2020_contaminants.pdf,,"(non identifié, voir raw_text_span)",,,ผลไม้ ยกเว้น เบอร์รีและผลไม้ผลเล็ก,,maximum,,0.1,,,False,,,ผลไม้ ยกเว้น เบอร์รีและผลไม้ผลเล็ก                 0.1               เฉพาะส่วนที่บริโภคได้                                  (1),layout,
Thaïlande,thailand_414_2020_contaminants.pdf,,"(non identifié, voir raw_text_span)",,,เบอร์รีและผลไม้ผลเล็ก,,maximum,,0.1,,,False,,,เบอร์รีและผลไม้ผลเล็ก                              0.1               ทุกส่วนที่บริโภคได้ หลังจากเอาขั้วผล และ               (1),layout,
Thaïlande,thailand_414_2020_contaminants.pdf,,"(non identifié, voir raw_text_span)",,,แครนเบอร์รี,,maximum,,0.2,,,False,,,แครนเบอร์รี                                        0.2               เฉพาะส่วนที่บริโภคได้                                  (1),layout,
Thaïlande,thailand_414_2020_contaminants.pdf,,"(non identifié, voir raw_text_span)",,,เอลเดอร์เบอร์รี,,maximum,,0.2,,,False,,,เอลเดอร์เบอร์รี                                    0.2               เฉพาะส่วนที่บริโภคได้                                  (1),layout,
Thaïlande,thailand_414_2020_contaminants.pdf,,"(non identifié, voir raw_text_span)",,,เคอร์แรนต์,,maximum,,0.2,,,False,,,เคอร์แรนต์                                            0.2               รวมทั้งขั้วผล                                      (1),layout,
Thaïlande,thailand_414_2020_contaminants.pdf,,"(non identifié, voir raw_text_span)",,,น้่าผลไม้ทุกชนิด ยกเว้น น้่าผลไม้จากเบอร์รี่,,maximum,,0.03,,,False,,,น้่าผลไม้ทุกชนิด ยกเว้น น้่าผลไม้จากเบอร์รี่          0.03              ในสภาพพร้อมบริโภค,layout,
Thaïlande,thailand_414_2020_contaminants.pdf,,"(non identifié, voir raw_text_span)",,,น้่าผลไม้จากเบอร์รี่และผลไม้ผลเล็ก ยกเว้น,,maximum,,0.05,,,False,,,น้่าผลไม้จากเบอร์รี่และผลไม้ผลเล็ก ยกเว้น             0.05              ในสภาพพร้อมบริโภค,layout,
Thaïlande,thailand_414_2020_contaminants.pdf,,"(non identifié, voir raw_text_span)",,,น้่าองุ่น,,maximum,,0.04,,,False,,,น้่าองุ่น                                             0.04              ในสภาพพร้อมบริโภค,layout,
Thaïlande,thailand_414_2020_contaminants.pdf,,"(non identifié, voir raw_text_span)",,,ผลไม้กระป๋อง,,maximum,,0.1,,,False,,,ผลไม้กระป๋อง                                          0.1               ในสภาพพร้อมบริโภค,layout,
Thaïlande,thailand_414_2020_contaminants.pdf,,"(non identifié, voir raw_text_span)",,,แมงโก้ชัทนีย์,,maximum,,0.4,,,False,,,แมงโก้ชัทนีย์                                         0.4               ในสภาพพร้อมบริโภค,layout,
Thaïlande,thailand_414_2020_contaminants.pdf,,"(non identifié, voir raw_text_span)",,,แยม เยลลี่ และมาร์มาเลด,,maximum,,0.4,,,False,,,แยม เยลลี่ และมาร์มาเลด                               0.4               ในสภาพพร้อมบริโภค,layout,
Thaïlande,thailand_414_2020_contaminants.pdf,,"(non identifié, voir raw_text_span)",,,มะกอกที่บริโภคสดและผลิตภัณฑ์มะกอก,,maximum,,0.4,,,False,,,มะกอกที่บริโภคสดและผลิตภัณฑ์มะกอก                     0.4               เฉพาะส่วนที่บริโภคได้,layout,
Thaïlande,thailand_414_2020_contaminants.pdf,,"(non identifié, voir raw_text_span)",,,ถั่วเมล็ดแห้ง,,maximum,,0.2,,,False,,,ถั่วเมล็ดแห้ง                                         0.2               ทั้งเมล็ด                                          (1),layout,
Thaïlande,thailand_414_2020_contaminants.pdf,,"(non identifié, voir raw_text_span)",,,เนื้อเกาลัดกระป๋อง และเนื้อเกาลัดบด,,maximum,,0.05,,,False,,,เนื้อเกาลัดกระป๋อง และเนื้อเกาลัดบด                   0.05              ในสภาพพร้อมบริโภค,layout,
Thaïlande,thailand_414_2020_contaminants.pdf,,"(non identifié, voir raw_text_span)",,,เห็ดราบริโภคได้ เช่น เห็ดแชมปิญอง หรือเห็ด,,maximum,,0.3,,,False,,,เห็ดราบริโภคได้ เช่น เห็ดแชมปิญอง หรือเห็ด            0.3               ลักษณะสด                                           (1),layout,
Thaïlande,thailand_414_2020_contaminants.pdf,,"(non identifié, voir raw_text_span)",,,เนื้อสัตว์จ่าพวกวัว ควาย หมู และแกะ,,maximum,,0.1,,,False,,,เนื้อสัตว์จ่าพวกวัว ควาย หมู และแกะ                   0.1               ไม่รวมกระดูก                                       (1),layout,
Thaïlande,thailand_414_2020_contaminants.pdf,,"(non identifié, voir raw_text_span)",,,เนื้อและไขมันจากสัตว์ปีก,,maximum,,0.1,,,False,,,เนื้อและไขมันจากสัตว์ปีก                              0.1               ไม่รวมกระดูก                                       (1),layout,
Thaïlande,thailand_414_2020_contaminants.pdf,,"(non identifié, voir raw_text_span)",,,เนื้อปลา,,maximum,,0.3,,,False,,,เนื้อปลา                                              0.3               เนื้อปลาสด ไม่รวมเครื่องใน                         (1),layout,
Thaïlande,thailand_414_2020_contaminants.pdf,,"(non identifié, voir raw_text_span)",,,เครื่องในสัตว์จ่าพวกวัว และควาย,,maximum,,0.2,,,False,,,เครื่องในสัตว์จ่าพวกวัว และควาย                       0.2               ได้แก่ สมอง หัว หัวใจ ไต ตับ ลิ้นและกระเพาะ        (1),layout,
Thaïlande,thailand_414_2020_contaminants.pdf,,"(non identifié, voir raw_text_span)",,,เครื่องในหมู,,maximum,,0.15,,,False,,,เครื่องในหมู                                          0.15              ได้แก่ เลือด หัวใจ ไต ตับ และลิ้น                  (1),layout,
Thaïlande,thailand_414_2020_contaminants.pdf,,"(non identifié, voir raw_text_span)",,,เครื่องในสัตว์ปีก เช่น เป็ด ไก่,,maximum,,0.1,,,False,,,เครื่องในสัตว์ปีก เช่น เป็ด ไก่                       0.1               ได้แก่ เลือด หัวใจ ไต ตับ กระเพาะและต่อมไทมัส      (1),layout,
Thaïlande,thailand_414_2020_contaminants.pdf,,"(non identifié, voir raw_text_span)",,,ไข่เยี่ยวม้า,,maximum,,2.0,,,False,,,ไข่เยี่ยวม้า                                          2                 พร้อมบริโภค,layout,
Thaïlande,thailand_414_2020_contaminants.pdf,,"(non identifié, voir raw_text_span)",,,น้่านม และผลิตภัณฑ์ของนม,,maximum,,0.02,,,False,,,น้่านม และผลิตภัณฑ์ของนม                              0.02              น้่านมจากสัตว์เลี้ยงลูกด้วยนมทุกชนิดในสภาพ         (1),layout,
Thaïlande,thailand_414_2020_contaminants.pdf,,"(non identifié, voir raw_text_span)",,,เนยเทียม เนยผสม ผลิตภัณฑ์เนยเทียม และ,,maximum,,0.04,,,False,,,เนยเทียม เนยผสม ผลิตภัณฑ์เนยเทียม และ                 0.04              ในสภาพพร้อมบริโภค,layout,
Thaïlande,thailand_414_2020_contaminants.pdf,,"(non identifié, voir raw_text_span)",,,นมดัดแปลงส่าหรับทารกและเด็กเล็ก,,maximum,,0.01,,,False,,,นมดัดแปลงส่าหรับทารกและเด็กเล็ก                  0.01              ในสภาพพร้อมบริโภค,layout,
Thaïlande,thailand_414_2020_contaminants.pdf,,"(non identifié, voir raw_text_span)",,,เครื่องดื่มเกลือแร่,,maximum,,0.3,,,False,,,เครื่องดื่มเกลือแร่                              0.3               ในสภาพพร้อมบริโภค,layout,
Thaïlande,thailand_414_2020_contaminants.pdf,,"(non identifié, voir raw_text_span)",,,ชา และชาสมุนไพร,,maximum,,0.5,,,False,,,ชา และชาสมุนไพร                                  0.5               น้่าชาหรือชาปรุงส่าเร็จพร้อมบริโภค,layout,
Thaïlande,thailand_414_2020_contaminants.pdf,,"(non identifié, voir raw_text_span)",,,เกลือบริโภค,,maximum,,2.0,,,False,,,เกลือบริโภค                                      2                 เกลือเม็ด หรือเกลือป่น,layout,
Thaïlande,thailand_414_2020_contaminants.pdf,,"(non identifié, voir raw_text_span)",,,น้่ามันและไขมัน,,maximum,,0.08,,,False,,,น้่ามันและไขมัน                                  0.08              พร้อมบริโภค,layout,
Thaïlande,thailand_414_2020_contaminants.pdf,,"(non identifié, voir raw_text_span)",,,ผลิตภัณฑ์เสริมอาหาร,,maximum,,1.0,,,False,,,ผลิตภัณฑ์เสริมอาหาร                              1                 ในสภาพพร้อมบริโภค,layout,
Thaïlande,thailand_414_2020_contaminants.pdf,,"(non identifié, voir raw_text_span)",,,ไวน์,,maximum,,0.1,,,False,,,ไวน์                                             0.1               ในสภาพพร้อมบริโภค                             (3),layout,
Thaïlande,thailand_414_2020_contaminants.pdf,,"(non identifié, voir raw_text_span)",,,ปลาผู้ล่า ยกเว้น ปลากระโทง ปลาคินเมะได,,maximum,,1.0,,,False,,,ปลาผู้ล่า ยกเว้น ปลากระโทง ปลาคินเมะได          1.0               เนื้อปลาสด หลังจากเอาระบบทางเดินอาหาร      (1) (4),layout,
Thaïlande,thailand_414_2020_contaminants.pdf,,"(non identifié, voir raw_text_span)",,,ผลิตภัณฑ์เสริมอาหาร,,maximum,,0.5,,,False,,,ผลิตภัณฑ์เสริมอาหาร                              0.5               ในสภาพพร้อมบริโภค,layout,
Thaïlande,thailand_414_2020_contaminants.pdf,,"(non identifié, voir raw_text_span)",,,เกลือบริโภค,,maximum,,0.1,,,False,,,เกลือบริโภค                                      0.1                                                            (1),layout,
Thaïlande,thailand_414_2020_contaminants.pdf,,"(non identifié, voir raw_text_span)",,,อาหารอื่น นอกจาก ปลา อาหารทะเล,,maximum,,0.02,,,False,,,อาหารอื่น นอกจาก ปลา อาหารทะเล                   0.02                                                           (1),layout,
Thaïlande,thailand_414_2020_contaminants.pdf,,"(non identifié, voir raw_text_span)",,,ข้าวขัดสี,,maximum,,0.2,,,False,,,ข้าวขัดสี                                          0.2              ทั้งเมล็ด                                 (1) (5),layout,
Thaïlande,thailand_414_2020_contaminants.pdf,,"(non identifié, voir raw_text_span)",,,ข้าวกล้อง,,maximum,,0.35,,,False,,,ข้าวกล้อง                                          0.35             ทั้งเมล็ด                                 (1) (5),layout,
Thaïlande,thailand_414_2020_contaminants.pdf,,"(non identifié, voir raw_text_span)",,,น้่ามันปลา,,maximum,,0.1,,,False,,,น้่ามันปลา                                         0.1              ในสภาพพร้อมบริโภค                           (5),layout,
Thaïlande,thailand_414_2020_contaminants.pdf,,"(non identifié, voir raw_text_span)",,,สัตว์น้่า ผลิตภัณฑ์สัตว์น้่า และ,,maximum,,2.0,,,False,,,สัตว์น้่า ผลิตภัณฑ์สัตว์น้่า และ                   2                                                          (1) (5),layout,
Thaïlande,thailand_414_2020_contaminants.pdf,,"(non identifié, voir raw_text_span)",,,เนยเทียม เนยผสม ผลิตภัณฑ์เนยเทียม,,maximum,,0.1,,,False,,,เนยเทียม เนยผสม ผลิตภัณฑ์เนยเทียม                  0.1              ในสภาพพร้อมบริโภค,layout,
Thaïlande,thailand_414_2020_contaminants.pdf,,"(non identifié, voir raw_text_span)",,,น้่ามันและไขมัน ยกเว้น น้่ามันปลา,,maximum,,0.1,,,False,,,น้่ามันและไขมัน ยกเว้น น้่ามันปลา                  0.1              ในสภาพพร้อมบริโภค,layout,
Thaïlande,thailand_414_2020_contaminants.pdf,,"(non identifié, voir raw_text_span)",,,ชา และชาสมุนไพร,,maximum,,0.2,,,False,,,ชา และชาสมุนไพร                                    0.2              น้่าชาหรือชาปรุงส่าเร็จพร้อมบริโภค,layout,
Thaïlande,thailand_414_2020_contaminants.pdf,,"(non identifié, voir raw_text_span)",,,ผลิตภัณฑ์เสริมอาหาร,,maximum,,2.0,,,False,,,ผลิตภัณฑ์เสริมอาหาร                                2                ในสภาพพร้อมบริโภค,layout,
Thaïlande,thailand_414_2020_contaminants.pdf,,"(non identifié, voir raw_text_span)",,,เกลือบริโภค,,maximum,,0.5,,,False,,,เกลือบริโภค                                        0.5              เกลือเม็ด หรือเกลือป่น                      (1),layout,
Thaïlande,thailand_414_2020_contaminants.pdf,,"(non identifié, voir raw_text_span)",,,น้่านม,,maximum,,0.5,,,False,,,น้่านม                                       0.5             น้่านมดิบจากสัตว์เลี้ยงลูกด้วยนม ซึ่งยังไม่ผ่าน        (1),layout,
Thaïlande,thailand_414_2020_contaminants.pdf,,"(non identifié, voir raw_text_span)",,,บราซิลนัต,,maximum,,10.0,,,False,,,บราซิลนัต                           10        พร้อมบริโภค,layout,
Thaïlande,thailand_414_2020_contaminants.pdf,,"(non identifié, voir raw_text_span)",,,พิสทาชิโอ,,maximum,,10.0,,,False,,,พิสทาชิโอ                           10        พร้อมบริโภค,layout,
Thaïlande,thailand_414_2020_contaminants.pdf,,"(non identifié, voir raw_text_span)",,,มะเดื่อฝรั่งแห้ง,,maximum,,10.0,,,False,,,มะเดื่อฝรั่งแห้ง                    10        พร้อมบริโภค,layout,
Thaïlande,thailand_414_2020_contaminants.pdf,,"(non identifié, voir raw_text_span)",,,ถั่วลิสง,,maximum,,20.0,,,False,,,ถั่วลิสง                            20        วัตถุดิบซึ่งต้องผ่านกระบวนการคัดหรือท่าความสะอาด,layout,
Thaïlande,thailand_414_2020_contaminants.pdf,,"(non identifié, voir raw_text_span)",,,อัลมอนด์,,maximum,,10.0,,,False,,,อัลมอนด์                            10        พร้อมบริโภค,layout,
Thaïlande,thailand_414_2020_contaminants.pdf,,"(non identifié, voir raw_text_span)",,,ฮาเซลนัต,,maximum,,10.0,,,False,,,ฮาเซลนัต                                   10                พร้อมบริโภค,layout,
Thaïlande,thailand_414_2020_contaminants.pdf,,"(non identifié, voir raw_text_span)",,,น้่ามันถั่วลิสง และน้่ามันมะพร้าว,,maximum,,20.0,,,False,,,น้่ามันถั่วลิสง และน้่ามันมะพร้าว          20                พร้อมบริโภค,layout,
Thaïlande,thailand_414_2020_contaminants.pdf,,"(non identifié, voir raw_text_span)",,,ธัญพืชจ่าพวกข้าวสาลี ข้าวโพด หรือ,,maximum,,2.0,,,False,,,"ธัญพืชจ่าพวกข้าวสาลี ข้าวโพด หรือ       2,000                ทั้งเมล็ด ซึ่งยังต้องผ่านกระบวนการคัดหรือ              (1)",layout,
Thaïlande,thailand_414_2020_contaminants.pdf,,"(non identifié, voir raw_text_span)",,,แป้งที่ได้จากเมล็ดและเกล็ดของข้าว,,maximum,,1.0,,,False,,,"แป้งที่ได้จากเมล็ดและเกล็ดของข้าว       1,000                                                                       (1)",layout,
Thaïlande,thailand_414_2020_contaminants.pdf,,"(non identifié, voir raw_text_span)",,,อาหารส่าหรับทารกและเด็กเล็กที่มี,,maximum,,200.0,,,False,,,อาหารส่าหรับทารกและเด็กเล็กที่มี           200               ในลักษณะแห้ง พร้อมบริโภค,layout,
Thaïlande,thailand_414_2020_contaminants.pdf,,"(non identifié, voir raw_text_span)",,,ข้าวโพด,,maximum,,4.0,,,False,,,"ข้าวโพด                                   4,000               เมล็ดดิบ                                                (1)",layout,
Thaïlande,thailand_414_2020_contaminants.pdf,,"(non identifié, voir raw_text_span)",,,แป้งข้าวโพด,,maximum,,2.0,,,False,,,"แป้งข้าวโพด                               2,000                                                                       (1)",layout,
Thaïlande,thailand_414_2020_contaminants.pdf,,"(non identifié, voir raw_text_span)",,,ข้าวบาร์เลย์,,maximum,,5.0,,,False,,,ข้าวบาร์เลย์                                  5               เมล็ดดิบ                                                (1),layout,
Thaïlande,thailand_414_2020_contaminants.pdf,,"(non identifié, voir raw_text_span)",,,ข้าวไรย์,,maximum,,5.0,,,False,,,ข้าวไรย์                                      5               เมล็ดดิบ                                                (1),layout,
Thaïlande,thailand_414_2020_contaminants.pdf,,"(non identifié, voir raw_text_span)",,,ข้าวสาลี รวมทั้ง ดูรัมวีตสเปลต์,,maximum,,5.0,,,False,,,ข้าวสาลี รวมทั้ง ดูรัมวีตสเปลต์               5               เมล็ดดิบ                                                (1),layout,
Thaïlande,thailand_414_2020_contaminants.pdf,,"(non identifié, voir raw_text_span)",,,พริกแห้ง หรือพริกป่น,,maximum,,30.0,,,False,,,พริกแห้ง หรือพริกป่น                          30              ลักษณะแห้ง                                              (1),layout,
Thaïlande,thailand_414_2020_contaminants.pdf,,"(non identifié, voir raw_text_span)",,,น้่าแอปเปิล,,maximum,,50.0,,,False,,,น้่าแอปเปิล                                  50               ลักษณะพร้อมดื่ม รวมทั้งน้่าแอปเปิลเข้มข้นที่จะน่าไป     (1),layout,
Thaïlande,thailand_414_2020_contaminants.pdf,,"(non identifié, voir raw_text_span)",,,การิที่ท่ามาจากมันส่าปะหลัง,,maximum,,2.0,,,False,,,การิที่ท่ามาจากมันส่าปะหลัง                 2                                                                      (1),layout,
Thaïlande,thailand_414_2020_contaminants.pdf,,"(non identifié, voir raw_text_span)",,,แป้งมันส่าปะหลัง,,maximum,,10.0,,,False,,,แป้งมันส่าปะหลัง                           10                                                                      (2),layout,
Thaïlande,thailand_414_2020_contaminants.pdf,,"(non identifié, voir raw_text_span)",,,น้่ามันและไขมัน,,maximum,,0.4,,,False,,,น้่ามันและไขมัน                      0.4         พร้อมบริโภค,layout,
Thaïlande,thailand_414_2020_contaminants.pdf,,"(non identifié, voir raw_text_span)",,,อาหารส่าหรับทารกและเด็กเล็ก รวมทั้ง,,maximum,,0.15,,,False,,,อาหารส่าหรับทารกและเด็กเล็ก รวมทั้ง   0.15     พร้อมบริโภคชนิดเหลว,layout,
Thaïlande,thailand_414_2020_contaminants.pdf,,"(non identifié, voir raw_text_span)",,,นมดัดแปลงส่าหรับทารกและเด็กเล็ก,,maximum,,1.0,,,False,,,นมดัดแปลงส่าหรับทารกและเด็กเล็ก    1        พร้อมบริโภคชนิดผง,layout,
Thaïlande,thailand_414_2020_contaminants.pdf,,"(non identifié, voir raw_text_span)",,,อาหารอื่น,,maximum,,2.5,,,False,,,อาหารอื่น                             2.5                                                                          (3),layout,
Thaïlande,thailand_414_2020_contaminants.pdf,,"(non identifié, voir raw_text_span)",,,อาหารทุกชนิด,,maximum,,0.01,,,False,,,อาหารทุกชนิด                                 0.01             พร้อมบริโภค                                          (4),layout,
Thaïlande,thailand_414_2020_contaminants.pdf,,"(non identifié, voir raw_text_span)",,,อาหารทุกชนิด,,maximum,,0.02,,,False,,,อาหารทุกชนิด                                 0.02             พร้อมบริโภค                                          (5),layout,
Thaïlande,thailand_414_2020_contaminants.pdf,,"(non identifié, voir raw_text_span)",,,ผลิตภัณฑ์ปรุงรสที่ไดจากการย่อย,,maximum,,0.4,,,False,,,ผลิตภัณฑ์ปรุงรสที่ไดจากการย่อย               0.4              ผลิตภัณฑ์ที่มีของแข็งที่เหลือหลังจากการระเหยน้่า,layout,
Thaïlande,thailand_414_2020_contaminants.pdf,,"(non identifié, voir raw_text_span)",,,พูโตเนียม-238 (Pu-238),,maximum,,1.0,,,False,,,พูโตเนียม-238 (Pu-238)              อาหารสาหรับทารก อายุตั้งแต่ 0 ถึง12 เดือน                      1                (1),layout,
Thaïlande,thailand_414_2020_contaminants.pdf,,"(non identifié, voir raw_text_span)",,,พูโตเนียม-240 (Pu-240),,maximum,,10.0,,,False,,,พูโตเนียม-240 (Pu-240)             อาหารอื่น ในสภาพพร้อมบริโภค                                   10                (1),layout,
Thaïlande,thailand_414_2020_contaminants.pdf,,"(non identifié, voir raw_text_span)",,,สทรอนเชียม-90 (Sr-90),,maximum,,100.0,,,False,,,สทรอนเชียม-90 (Sr-90)               อาหารสาหรับทารก อายุตั้งแต่ 0 ถึง12 เดือน                  100                  (1),layout,
Thaïlande,thailand_414_2020_contaminants.pdf,,"(non identifié, voir raw_text_span)",,,ไอโอดีน-129 (I-129),,maximum,,100.0,,,False,,,ไอโอดีน-129 (I-129)                อาหารอื่น ในสภาพพร้อมบริโภค                                100                  (1),layout,
Thaïlande,thailand_414_2020_contaminants.pdf,,"(non identifié, voir raw_text_span)",,,ซัลเฟอร์-35 (S-35),,maximum,,1.0,,,False,,,"ซัลเฟอร์-35 (S-35)                  อาหารสาหรับทารก อายุตั้งแต่ 0 ถึง12 เดือน                1,000               (1) (2)",layout,
Thaïlande,thailand_414_2020_contaminants.pdf,,"(non identifié, voir raw_text_span)",,,ซีเซียม-134 (Cs-134),,maximum,,1.0,,,False,,,"ซีเซียม-134 (Cs-134)                อาหารอื่น ในสภาพพร้อมบริโภค                              1,000",layout,
Thaïlande,thailand_414_2020_contaminants.pdf,,"(non identifié, voir raw_text_span)",,,ไฮโดรเจน-3 (H-3),,maximum,,1.0,,,False,,,"ไฮโดรเจน-3 (H-3)                    อาหารสาหรับทารก อายุตั้งแต่ 0 ถึง12 เดือน                1,000               (1) (3)",layout,
Thaïlande,thailand_414_2020_contaminants.pdf,,"(non identifié, voir raw_text_span)",,,เทคนีเชียม-99 (Tc-99),,maximum,,10.0,,,False,,,"เทคนีเชียม-99 (Tc-99)               อาหารอื่น ในสภาพพร้อมบริโภค                            10,000",layout,
Thaïlande,thailand_414_2020_contaminants.pdf,,แคดเมียม (cadmium),,,เมล็ดธัญพืช ยกเว้น บัควีต กานิวา ควินัว ข้าวสาลีและข้าวขัดสี,ทั้งเมล็ด ; เงื่อนไขตามหมายเหตุ (1) ไม่ระบุรายละเอียดในข้อความที่ให้มา,maximum,,0.1,mg/kg,,True,เงื่อนไข (1) ถูกอ้างอิงแต่ไม่มีรายละเอียดปรากฏในข้อความที่ให้มา,,เมล็ดธัญพืช ยกเว้น บัควีต กานิวา ควินัว ข้าวสาลีและข้าวขัดสี 0.1 ทั้งเมล็ด (1),llm,1.0
Thaïlande,thailand_414_2020_contaminants.pdf,,แคดเมียม (cadmium),,,ข้าวขัดสี,ทั้งเมล็ด ; เงื่อนไขตามหมายเหตุ (1) ไม่ระบุรายละเอียดในข้อความที่ให้มา,maximum,,0.4,mg/kg,,True,เงื่อนไข (1) ถูกอ้างอิงแต่ไม่มีรายละเอียดปรากฏในข้อความที่ให้มา,,ข้าวขัดสี 0.4 ทั้งเมล็ด (1),llm,1.0
Thaïlande,thailand_414_2020_contaminants.pdf,,แคดเมียม (cadmium),,,ข้าวสาลีรวมทั้งดูรัมวีต สเปลต์ และเอ็มเมอร์,ทั้งเมล็ด ; เงื่อนไขตามหมายเหตุ (1) ไม่ระบุรายละเอียดในข้อความที่ให้มา,maximum,,0.2,mg/kg,,True,เงื่อนไข (1) ถูกอ้างอิงแต่ไม่มีรายละเอียดปรากฏในข้อความที่ให้มา,,ข้าวสาลีรวมทั้งดูรัมวีต สเปลต์ และเอ็มเมอร์ 0.2 ทั้งเมล็ด (1),llm,1.0
Thaïlande,thailand_414_2020_contaminants.pdf,,แคดเมียม (cadmium),,,ผักตระกูลกะหล่า ยกเว้นผักใบตระกูลกะหล่า,กะหล่าหัวและกะหล่าปม: ทุกส่วนแต่ไม่รวมส่วนที่เน่าเสียและใบเหี่ยว ; กะหล่าดอกและบร็อกโคลี: เฉพาะส่วนดอกและก้านดอกที่บริโภคได้ซึ่งยังเจริญไม่เต็มที่ ; กะหล่าดาว: เฉพาะปมเท่านั้น ; เงื่อนไขตามหมายเหตุ (1) ไม่ระบุรายละเอียดในข้อความที่ให้มา,maximum,,0.05,mg/kg,,True,เงื่อนไข (1) ถูกอ้างอิงแต่ไม่มีรายละเอียดปรากฏในข้อความที่ให้มา,,ผักตระกูลกะหล่า ยกเว้นผักใบตระกูลกะหล่า 0.05 กะหล่าหัวและกะหล่าปม... (1),llm,1.0
Thaïlande,thailand_414_2020_contaminants.pdf,,แคดเมียม (cadmium),,,ผักใบ รวมทั้งผักใบตระกูลกะหล่า,ทุกส่วนที่ตัดแต่งพร้อมจำหน่าย โดยเอาส่วนที่เน่าเสียหรือใบเหี่ยวออก ; เงื่อนไขตามหมายเหตุ (1) ไม่ระบุรายละเอียดในข้อความที่ให้มา,maximum,,0.2,mg/kg,,True,เงื่อนไข (1) ถูกอ้างอิงแต่ไม่มีรายละเอียดปรากฏในข้อความที่ให้มา,,ผักใบ รวมทั้งผักใบตระกูลกะหล่า 0.2 ทุกส่วนที่ตัดแต่งพร้อมจำหน่าย... (1),llm,1.0
Thaïlande,thailand_414_2020_contaminants.pdf,,แคดเมียม (cadmium),,,ผักที่บริโภคลำต้นหรือก้าน,ทุกส่วนที่ตัดแต่งพร้อมบริโภคโดยแยกเอาส่วนที่เน่าเสียและใบเหี่ยวออก ; รูบาร์บ: เฉพาะก้านใบ ; อาร์ติโชค: เฉพาะส่วนดอก ; หัวเซเลอร์รีและหน่อไม้ฝรั่ง: หลังจากล้างทำความสะอาดดินออกแล้ว ; เงื่อนไขตามหมายเหตุ (1) ไม่ระบุรายละเอียดในข้อความที่ให้มา,maximum,,0.1,mg/kg,,True,เงื่อนไข (1) ถูกอ้างอิงแต่ไม่มีรายละเอียดปรากฏในข้อความที่ให้มา,,ผักที่บริโภคลำต้นหรือก้าน 0.1 ทุกส่วนที่ตัดแต่งพร้อมบริโภค... (1),llm,1.0
Thaïlande,thailand_414_2020_contaminants.pdf,,แคดเมียม (cadmium),,,ผักบริโภคผล ยกเว้นมะเขือเทศ,ทุกส่วนหลังจากนำขั้วผลออก ; ข้าวโพดรวมทั้งข้าวโพดฝักอ่อนที่ลอกเปลือกและไหมข้าวโพดออกแล้ว ; เงื่อนไขตามหมายเหตุ (1) ไม่ระบุรายละเอียดในข้อความที่ให้มา,maximum,,0.05,mg/kg,,True,เงื่อนไข (1) ถูกอ้างอิงแต่ไม่มีรายละเอียดปรากฏในข้อความที่ให้มา,,ผักบริโภคผล ยกเว้นมะเขือเทศ 0.05 ทุกส่วนหลังจากนำขั้วผลออก... (1),llm,1.0
Thaïlande,thailand_414_2020_contaminants.pdf,,แคดเมียม (cadmium),,,ผักรากและผักหัว ยกเว้น เซเลอริแอก,ทั้งรากและหัวที่ตัดส่วนก้านใบออกและผ่านการทำความสะอาดเรียบร้อยแล้ว ; มันฝรั่ง: ปอกเปลือกแล้ว ; เงื่อนไขตามหมายเหตุ (1) ไม่ระบุรายละเอียดในข้อความที่ให้มา,maximum,,0.1,mg/kg,,True,เงื่อนไข (1) ถูกอ้างอิงแต่ไม่มีรายละเอียดปรากฏในข้อความที่ให้มา,,ผักรากและผักหัว ยกเว้น เซเลอริแอก 0.1 ทั้งรากและหัว... (1),llm,1.0
Thaïlande,thailand_414_2020_contaminants.pdf,,แคดเมียม (cadmium),,,พืชหัวแบบหอม,หัวหอมและกระเทียมทั้งแบบสดและแห้ง โดยตัดส่วนราก เอาดินออก และแกะเปลือกชั้นนอกออกแล้ว ; เงื่อนไขตามหมายเหตุ (1) ไม่ระบุรายละเอียดในข้อความที่ให้มา,maximum,,0.05,mg/kg,,True,เงื่อนไข (1) ถูกอ้างอิงแต่ไม่มีรายละเอียดปรากฏในข้อความที่ให้มา,,พืชหัวแบบหอม 0.05 หัวหอมและกระเทียม... (1),llm,1.0
Thaïlande,thailand_414_2020_contaminants.pdf,,แคดเมียม (cadmium),,,ถั่วฝักสด,ทุกส่วนที่สามารถบริโภคได้ ; เงื่อนไขตามหมายเหตุ (1) ไม่ระบุรายละเอียดในข้อความที่ให้มา,maximum,,0.1,mg/kg,,True,เงื่อนไข (1) ถูกอ้างอิงแต่ไม่มีรายละเอียดปรากฏในข้อความที่ให้มา,,ถั่วฝักสด 0.1 ทุกส่วนที่สามารถบริโภคได้ (1),llm,1.0
Thaïlande,thailand_414_2020_contaminants.pdf,,แคดเมียม (cadmium),,,ถั่วเมล็ดแห้ง ยกเว้น ถั่วเหลืองเมล็ดแห้ง,ทั้งเมล็ด (ข้อความไม่สมบูรณ์ ถูกตัดในเอกสารต้นฉบับ),maximum,,0.1,mg/kg,,True,ข้อความในตารางสำหรับรายการนี้ถูกตัดขาดไม่สมบูรณ์ (ไม่มีคอลัมน์เงื่อนไข),,ถั่วเมล็ดแห้ง ยกเว้น ถั่วเหลืองเมล็ดแห้ง 0.1 ทั้งเมล็ด,llm,1.0
Thaïlande,thailand_414_2020_contaminants.pdf,,สารตกค้าง (ไม่ระบุชื่อชัดเจนในข้อความ อาจเป็นแคดเมียม),,,ถั่วเมล็ดแห้ง ยกเว้น ถั่วเหลืองเมล็ดแห้ง,ทั้งเมล็ด ; เงื่อนไข (1) ไม่ระบุรายละเอียด,maximum,,0.1,mg/kg,,True,ชื่อสารไม่ปรากฏชัดเจนในข้อความที่ตัดมา คาดว่าเป็นหมวดที่ 1 ก่อนหมวดดีบุก (2) และตะกั่ว (3) ซึ่งอาจเป็นแคดเมียม,,ถั่วเมล็ดแห้ง ยกเว้น ถั่วเหลืองเมล็ดแห้ง 0.1 ทั้งเมล็ด (1),llm,2.0
Thaïlande,thailand_414_2020_contaminants.pdf,,สารตกค้าง (ไม่ระบุชื่อชัดเจนในข้อความ อาจเป็นแคดเมียม),,,ผลิตภัณฑ์ช็อกโกแลตที่มีปริมาณผงโกโก้ ตั้งแต่ร้อยละ 50 แต่ไม่ถึงร้อยละ 70,ในสภาพพร้อมบริโภค ได้แก่ ช็อกโกแลตชนิดหวาน ช็อกโกแลตจิอานดูจา และช็อกโกแลตชนิดเส้นหรือชนิดเกล็ด,maximum,,0.8,mg/kg,,True,ชื่อสารไม่ปรากฏชัดเจนในข้อความที่ตัดมา,,ผลิตภัณฑ์ช็อกโกแลตที่มีปริมาณผงโกโก้ ตั้งแต่ร้อยละ 50 แต่ไม่ถึงร้อยละ 70 0.8,llm,2.0
Thaïlande,thailand_414_2020_contaminants.pdf,,สารตกค้าง (ไม่ระบุชื่อชัดเจนในข้อความ อาจเป็นแคดเมียม),,,ผลิตภัณฑ์ช็อกโกแลตที่มีปริมาณผงโกโก้ ตั้งแต่ร้อยละ 70 ขึ้นไป,,maximum,,0.9,mg/kg,,True,ชื่อสารไม่ปรากฏชัดเจนในข้อความที่ตัดมา,,ผลิตภัณฑ์ช็อกโกแลตที่มีปริมาณผงโกโก้ ตั้งแต่ร้อยละ 70 ขึ้นไป 0.9,llm,2.0
Thaïlande,thailand_414_2020_contaminants.pdf,,สารตกค้าง (ไม่ระบุชื่อชัดเจนในข้อความ อาจเป็นแคดเมียม),,,ปลา,เฉพาะส่วนที่บริโภคได้ โดยไม่รวมอวัยวะภายใน ; เงื่อนไข (1),maximum,,1.0,mg/kg,,True,ชื่อสารไม่ปรากฏชัดเจนในข้อความที่ตัดมา,,ปลา 1 เฉพาะส่วนที่บริโภคได้ โดยไม่รวมอวัยวะภายใน (1),llm,2.0
Thaïlande,thailand_414_2020_contaminants.pdf,,สารตกค้าง (ไม่ระบุชื่อชัดเจนในข้อความ อาจเป็นแคดเมียม),,,สัตว์จำพวกหมึก รวมทั้ง หมึกกระดอง หมึกสายและหมึกกล้วย,เฉพาะส่วนที่บริโภคได้ หลังจากเอากระดองและอวัยวะภายในออกแล้ว ; เงื่อนไข (1),maximum,,2.0,mg/kg,,True,ชื่อสารไม่ปรากฏชัดเจนในข้อความที่ตัดมา,,สัตว์จ่าพวกหมึก รวมทั้ง หมึกกระดอง หมึกสายและหมึกกล้วย 2,llm,2.0
Thaïlande,thailand_414_2020_contaminants.pdf,,สารตกค้าง (ไม่ระบุชื่อชัดเจนในข้อความ อาจเป็นแคดเมียม),,,หอยสองฝา เช่น หอยกาบตลับ หอยแครง และหอยแมลงภู่ ยกเว้น หอยนางรม และหอยเชลล์,เฉพาะส่วนที่บริโภคได้ ; ยกเว้น หอยนางรม และหอยเชลล์ ; เงื่อนไข (1),maximum,,2.0,mg/kg,,True,ชื่อสารไม่ปรากฏชัดเจนในข้อความที่ตัดมา,,หอยสองฝา เช่น หอยกาบตลับ หอยแครง และหอยแมลงภู่ ยกเว้น หอยนางรม และหอยเชลล์ 2,llm,2.0
Thaïlande,thailand_414_2020_contaminants.pdf,,สารตกค้าง (ไม่ระบุชื่อชัดเจนในข้อความ อาจเป็นแคดเมียม),,,หอยฝาเดียวทุกชนิด,เฉพาะส่วนที่บริโภคได้ ; เงื่อนไข (1),maximum,,2.0,mg/kg,,True,ชื่อสารไม่ปรากฏชัดเจนในข้อความที่ตัดมา,,หอยฝาเดียวทุกชนิด 2 เฉพาะส่วนที่บริโภคได้ (1),llm,2.0
Thaïlande,thailand_414_2020_contaminants.pdf,,สารตกค้าง (ไม่ระบุชื่อชัดเจนในข้อความ อาจเป็นแคดเมียม),,,เกลือบริโภค,เกลือเม็ด หรือเกลือป่น ; เงื่อนไข (1),maximum,,0.5,mg/kg,,True,ชื่อสารไม่ปรากฏชัดเจนในข้อความที่ตัดมา,,เกลือบริโภค 0.5 เกลือเม็ด หรือเกลือป่น (1),llm,2.0
Thaïlande,thailand_414_2020_contaminants.pdf,,สารตกค้าง (ไม่ระบุชื่อชัดเจนในข้อความ อาจเป็นแคดเมียม),,,ชา หรือชาสมุนไพร,ลักษณะแห้ง ; เงื่อนไข (1),maximum,,0.3,mg/kg,,True,ชื่อสารไม่ปรากฏชัดเจนในข้อความที่ตัดมา,,ชา หรือชาสมุนไพร 0.3 ลักษณะแห้ง (1),llm,2.0
Thaïlande,thailand_414_2020_contaminants.pdf,,สารตกค้าง (ไม่ระบุชื่อชัดเจนในข้อความ อาจเป็นแคดเมียม),,,ผลิตภัณฑ์เสริมอาหาร,ในสภาพพร้อมบริโภค,maximum,,0.3,mg/kg,,True,ชื่อสารไม่ปรากฏชัดเจนในข้อความที่ตัดมา,,ผลิตภัณฑ์เสริมอาหาร 0.3 ในสภาพพร้อมบริโภค,llm,2.0
Thaïlande,thailand_414_2020_contaminants.pdf,,สารตกค้าง (ไม่ระบุชื่อชัดเจนในข้อความ อาจเป็นแคดเมียม),,,สาหร่าย,ลักษณะแห้ง ; เงื่อนไข (1),maximum,,2.0,mg/kg,,True,ชื่อสารไม่ปรากฏชัดเจนในข้อความที่ตัดมา,,สาหร่าย 2 ลักษณะแห้ง (1),llm,2.0
Thaïlande,thailand_414_2020_contaminants.pdf,,ดีบุก,tin,,เครื่องดื่มกระป๋อง,ในสภาพพร้อมบริโภค,maximum,,150.0,mg/kg,,False,,,เครื่องดื่มกระป๋อง 150 ในสภาพพร้อมบริโภค,llm,2.0
Thaïlande,thailand_414_2020_contaminants.pdf,,ดีบุก,tin,,อาหารกระป๋อง ยกเว้น เครื่องดื่มกระป๋อง,ในสภาพพร้อมบริโภค,maximum,,250.0,mg/kg,,False,,,อาหารกระป๋อง ยกเว้น เครื่องดื่มกระป๋อง 250 ในสภาพพร้อมบริโภค,llm,2.0
Thaïlande,thailand_414_2020_contaminants.pdf,,ดีบุก,tin,,เนื้อบดปรุงสุก เช่น คอร์นบีพ (ไม่ได้บรรจุในกระป๋องเคลือบดีบุก),ในสภาพพร้อมบริโภค ; ผลิตภัณฑ์เนื้อสัตว์ที่ไม่ได้บรรจุในกระป๋องเคลือบดีบุก,maximum,,50.0,mg/kg,,False,,,เนื้อบดปรุงสุก เช่น คอร์นบีพ 50 ในสภาพพร้อมบริโภค,llm,2.0
Thaïlande,thailand_414_2020_contaminants.pdf,,ดีบุก,tin,,ลันชันมีต (ไม่ได้บรรจุในกระป๋องเคลือบดีบุก),ในสภาพพร้อมบริโภค ; ผลิตภัณฑ์เนื้อสัตว์ที่ไม่ได้บรรจุในกระป๋องเคลือบดีบุก,maximum,,50.0,mg/kg,,False,,,ลันชันมีต 50 ในสภาพพร้อมบริโภค,llm,2.0
Thaïlande,thailand_414_2020_contaminants.pdf,,ดีบุก,tin,,ผลิตภัณฑ์เนื้อสัตว์ตัดแต่งที่ผ่านความร้อน เช่น แฮม (ไม่ได้บรรจุในกระป๋องเคลือบดีบุก),ในสภาพพร้อมบริโภค ; ผลิตภัณฑ์เนื้อสัตว์ที่ไม่ได้บรรจุในกระป๋องเคลือบดีบุก,maximum,,50.0,mg/kg,,False,,,ผลิตภัณฑ์เนื้อสัตว์ตัดแต่งที่ผ่านความร้อน เช่น แฮม 50 ในสภาพพร้อมบริโภค,llm,2.0
Thaïlande,thailand_414_2020_contaminants.pdf,,ดีบุก,tin,,ผลิตภัณฑ์เนื้อสัตว์บดที่ผ่านความร้อน (ไม่ได้บรรจุในกระป๋องเคลือบดีบุก),ในสภาพพร้อมบริโภค ; ผลิตภัณฑ์เนื้อสัตว์ที่ไม่ได้บรรจุในกระป๋องเคลือบดีบุก,maximum,,50.0,mg/kg,,False,,,ผลิตภัณฑ์เนื้อสัตว์บดที่ผ่านความร้อน 50 ในสภาพพร้อมบริโภค,llm,2.0
Thaïlande,thailand_414_2020_contaminants.pdf,,ดีบุก,tin,,สันคอหมูปรุงสุก (ไม่ได้บรรจุในกระป๋องเคลือบดีบุก),ในสภาพพร้อมบริโภค ; ผลิตภัณฑ์เนื้อสัตว์ที่ไม่ได้บรรจุในกระป๋องเคลือบดีบุก,maximum,,50.0,mg/kg,,False,,,สันคอหมูปรุงสุก 50 ในสภาพพร้อมบริโภค,llm,2.0
Thaïlande,thailand_414_2020_contaminants.pdf,,ดีบุก,tin,,แยม เยลลี่ และมาร์มาเลด,ในสภาพพร้อมบริโภค,maximum,,250.0,mg/kg,,False,,,แยม เยลลี่ และมาร์มาเลด 250 ในสภาพพร้อมบริโภค,llm,2.0
Thaïlande,thailand_414_2020_contaminants.pdf,,ดีบุก,tin,,อาหารอื่นนอกเหนือจากรายการข้างต้น,,maximum,,250.0,mg/kg,,False,,,อาหารอื่นนอกเหนือจากรายการข้างต้น 250,llm,2.0
Thaïlande,thailand_414_2020_contaminants.pdf,,ตะกั่ว,Lead,,เมล็ดธัญพืช ยกเว้น บัควีต กานิวาและควินัว,ทั้งเมล็ด ; เงื่อนไข (1),maximum,,0.2,mg/kg,,False,,,เมล็ดธัญพืช ยกเว้น บัควีต กานิวาและควินัว 0.2 ทั้งเมล็ด (1),llm,2.0
Thaïlande,thailand_414_2020_contaminants.pdf,,ตะกั่ว (Lead),,,ผักบริโภคผล (ยกเว้นข้าวโพด),ทุกส่วนที่บริโภคได้หลังจากเอาขั้วผลออก ; ข้าวโพดรวมทั้งข้าวโพดฟักอ่อน โดยลอกเปลือกและไหมข้าวโพดออกแล้ว,maximum,,0.05,mg/kg,,False,,,ผักบริโภคผล 0.05 ทุกส่วนที่บริโภคได้หลังจากเอาขั้วผลออก,llm,3.0
Thaïlande,thailand_414_2020_contaminants.pdf,,ตะกั่ว (Lead),,,ผักใบ รวมทั้ง ผักใบตระกูลกะหล่ายกเว้นผักปวยเล้ง,ทุกส่วนที่ตัดแต่งพร้อมจ่าหน่ายหลังจากที่เอาส่วนที่เน่าเสีย หรือใบเหี่ยวออก,maximum,,0.3,mg/kg,,False,,,ผักใบ รวมทั้ง ผักใบตระกูลกะหล่ายกเว้น ผักปวยเล้ง 0.3 ทุกส่วนที่ตัดแต่งพร้อมจ่าหน่ายหลังจากที่เอาส่วนที่เน่าเสีย หรือใบเหี่ยวออก,llm,3.0
Thaïlande,thailand_414_2020_contaminants.pdf,,ตะกั่ว (Lead),,,ผักรากและผักหัว,ทั้งรากและหัวที่ตัดส่วนก้านใบออก และผ่านการทำความสะอาดเรียบร้อยแล้ว ; มันฝรั่ง: ปอกเปลือกแล้ว,maximum,,0.1,mg/kg,,False,,,ผักรากและผักหัว 0.1 ทั้งรากและหัวที่ตัดส่วนก้านใบออก และผ่านการท่าความสะอาดเรียบร้อยแล้ว,llm,3.0
Thaïlande,thailand_414_2020_contaminants.pdf,,ตะกั่ว (Lead),,,พืชหัวแบบหอม,หัวหอมและกระเทียม โดยตัดราก และแกะเปลือกชั้นนอกออกแล้ว,maximum,,0.1,mg/kg,,False,,,พืชหัวแบบหอม 0.1 หัวหอมและกระเทียม โดยตัดราก และแกะเปลือกชั้นนอกออกแล้ว,llm,3.0
Thaïlande,thailand_414_2020_contaminants.pdf,,ตะกั่ว (Lead),,,ถั่วฝักสด,เฉพาะส่วนที่บริโภคได้,maximum,,0.1,mg/kg,,False,,,ถั่วฝักสด 0.1 เฉพาะส่วนที่บริโภคได้,llm,3.0
Thaïlande,thailand_414_2020_contaminants.pdf,,ตะกั่ว (Lead),,,ผักกระป๋อง รวมทั้ง ผักตระกูลกะหล่ากระป๋อง,ในสภาพพร้อมบริโภค,maximum,,0.1,mg/kg,,False,,,ผักกระป๋อง รวมทั้ง ผักตระกูลกะหล่ากระป๋อง 0.1 ในสภาพพร้อมบริโภค,llm,3.0
Thaïlande,thailand_414_2020_contaminants.pdf,,ตะกั่ว (Lead),,,มะเขือเทศแปรรูป รวมทั้ง มะเขือเทศเข้มข้น,ในสภาพพร้อมบริโภค,maximum,,0.05,mg/kg,,False,,,มะเขือเทศแปรรูป รวมทั้ง มะเขือเทศเข้มข้น 0.05 ในสภาพพร้อมบริโภค,llm,3.0
Thaïlande,thailand_414_2020_contaminants.pdf,,ตะกั่ว (Lead),,,แตงกวาดอง,ในสภาพพร้อมบริโภค,maximum,,0.1,mg/kg,,False,,,แตงกวาดอง 0.1 ในสภาพพร้อมบริโภค,llm,3.0
Thaïlande,thailand_414_2020_contaminants.pdf,,ตะกั่ว (Lead),,,ผลไม้ ยกเว้น เบอร์รีและผลไม้ผลเล็ก,เฉพาะส่วนที่บริโภคได้ ; ผลไม้ที่มีผลแบบแอปเปิ้ล: ไม่รวมขั้วผล ; ผลไม้ที่มีเมล็ดแข็ง: ทุกส่วนหลังจากเอาขั้วผลและเมล็ดออกแล้ว ; ผลไม้ที่มีเปลือกแข็ง: ทุกส่วน หลังจากปอกเปลือกและเอาเมล็ดออกแล้ว,maximum,,0.1,mg/kg,,False,,,ผลไม้ ยกเว้น เบอร์รีและผลไม้ผลเล็ก 0.1 เฉพาะส่วนที่บริโภคได้,llm,3.0
Thaïlande,thailand_414_2020_contaminants.pdf,,ตะกั่ว (Lead),,,เบอร์รีและผลไม้ผลเล็ก ยกเว้น แครนเบอร์รี เคอร์แรนต์ และเอลเดอร์เบอร์รี,ทุกส่วนที่บริโภคได้ หลังจากเอาขั้วผล และกลีบเลี้ยงออก,maximum,,0.1,mg/kg,,False,,,เบอร์รีและผลไม้ผลเล็ก ยกเว้น แครนเบอร์รี เคอร์แรนต์ และเอลเดอร์เบอร์รี 0.1 ทุกส่วนที่บริโภคได้ หลังจากเอาขั้วผล และกลีบเลี้ยงออก,llm,3.0
Thaïlande,thailand_414_2020_contaminants.pdf,,ตะกั่ว (Lead),,,แครนเบอร์รี,เฉพาะส่วนที่บริโภคได้,maximum,,0.2,mg/kg,,False,,,แครนเบอร์รี 0.2 เฉพาะส่วนที่บริโภคได้,llm,3.0
Thaïlande,thailand_414_2020_contaminants.pdf,,ตะกั่ว (Lead),,,เอลเดอร์เบอร์รี,เฉพาะส่วนที่บริโภคได้,maximum,,0.2,mg/kg,,False,,,เอลเดอร์เบอร์รี 0.2 เฉพาะส่วนที่บริโภคได้,llm,3.0
Thaïlande,thailand_414_2020_contaminants.pdf,,ตะกั่ว (Lead),,,เคอร์แรนต์ (รวมทั้งขั้วผล),เงื่อนไข (1),maximum,,0.2,mg/kg,,True,เงื่อนไข (1) อ้างอิงถึงรายละเอียดเพิ่มเติมที่ไม่ปรากฏในข้อความที่ให้มา,,เคอร์แรนต์ 0.2 รวมทั้งขั้วผล (1),llm,4.0
Thaïlande,thailand_414_2020_contaminants.pdf,,ตะกั่ว (Lead),,,น้ำผลไม้ทุกชนิด ยกเว้น น้ำผลไม้จากเบอร์รี่และผลไม้ผลเล็ก,ในสภาพพร้อมบริโภค,maximum,,0.03,mg/kg,,False,,,น้ำผลไม้ทุกชนิด ยกเว้น น้ำผลไม้จากเบอร์รี่และผลไม้ผลเล็ก 0.03 ในสภาพพร้อมบริโภค,llm,4.0
Thaïlande,thailand_414_2020_contaminants.pdf,,ตะกั่ว (Lead),,,น้ำผลไม้จากเบอร์รี่และผลไม้ผลเล็ก ยกเว้น น้ำองุ่น,ในสภาพพร้อมบริโภค,maximum,,0.05,mg/kg,,False,,,น้ำผลไม้จากเบอร์รี่และผลไม้ผลเล็ก ยกเว้น น้ำองุ่น 0.05 ในสภาพพร้อมบริโภค,llm,4.0
Thaïlande,thailand_414_2020_contaminants.pdf,,ตะกั่ว (Lead),,,น้ำองุ่น,ในสภาพพร้อมบริโภค,maximum,,0.04,mg/kg,,False,,,น้ำองุ่น 0.04 ในสภาพพร้อมบริโภค,llm,4.0
Thaïlande,thailand_414_2020_contaminants.pdf,,ตะกั่ว (Lead),,,ผลไม้กระป๋อง,ในสภาพพร้อมบริโภค,maximum,,0.1,mg/kg,,False,,,ผลไม้กระป๋อง 0.1 ในสภาพพร้อมบริโภค,llm,4.0
Thaïlande,thailand_414_2020_contaminants.pdf,,ตะกั่ว (Lead),,,แมงโก้ชัทนีย์,ในสภาพพร้อมบริโภค,maximum,,0.4,mg/kg,,False,,,แมงโก้ชัทนีย์ 0.4 ในสภาพพร้อมบริโภค,llm,4.0
Thaïlande,thailand_414_2020_contaminants.pdf,,ตะกั่ว (Lead),,,แยม เยลลี่ และมาร์มาเลด,ในสภาพพร้อมบริโภค,maximum,,0.4,mg/kg,,False,,,แยม เยลลี่ และมาร์มาเลด 0.4 ในสภาพพร้อมบริโภค,llm,4.0
Thaïlande,thailand_414_2020_contaminants.pdf,,ตะกั่ว (Lead),,,มะกอกที่บริโภคสดและผลิตภัณฑ์มะกอก,เฉพาะส่วนที่บริโภคได้,maximum,,0.4,mg/kg,,False,,,มะกอกที่บริโภคสดและผลิตภัณฑ์มะกอก 0.4 เฉพาะส่วนที่บริโภคได้,llm,4.0
Thaïlande,thailand_414_2020_contaminants.pdf,,ตะกั่ว (Lead),,,ถั่วเมล็ดแห้ง,ทั้งเมล็ด ; เงื่อนไข (1),maximum,,0.2,mg/kg,,True,เงื่อนไข (1) อ้างอิงถึงรายละเอียดเพิ่มเติมที่ไม่ปรากฏในข้อความที่ให้มา,,ถั่วเมล็ดแห้ง 0.2 ทั้งเมล็ด (1),llm,4.0
Thaïlande,thailand_414_2020_contaminants.pdf,,ตะกั่ว (Lead),,,เนื้อเกาลัดกระป๋อง และเนื้อเกาลัดบดกระป๋อง,ในสภาพพร้อมบริโภค,maximum,,0.05,mg/kg,,False,,,เนื้อเกาลัดกระป๋อง และเนื้อเกาลัดบด 0.05 ในสภาพพร้อมบริโภค กระป๋อง,llm,4.0
Thaïlande,thailand_414_2020_contaminants.pdf,,ตะกั่ว (Lead),,,เห็ดราบริโภคได้ (เช่น เห็ดแชมปิญอง เห็ดชิตาเกะ เห็ดหอม เห็ดตระกูลนางรม เห็ดนางฟ้า เห็ดภูฎาน เห็ดออรินจิ เห็ดเป๋าฮื้อ เห็ดนางนวล),ลักษณะสด ; เงื่อนไข (1),maximum,,0.3,mg/kg,,True,เงื่อนไข (1) อ้างอิงถึงรายละเอียดเพิ่มเติมที่ไม่ปรากฏในข้อความที่ให้มา,,เห็ดราบริโภคได้ เช่น เห็ดแชมปิญอง หรือเห็ด กระดุมเห็ดชิตาเกะ เห็ดหอม รวมทั้งเห็ด ตระกูลนางรม เช่น เห็ดนางฟ้า เห็ด นางฟ้า เห็ดภูฎาน เห็ดออรินจิ เห็ด เป๋าฮื้อ และเห็ดนางนวล เป็นต้น 0.3 ลักษณะสด (1),llm,4.0
Thaïlande,thailand_414_2020_contaminants.pdf,,ตะกั่ว (Lead),,,เนื้อสัตว์จำพวกวัว ควาย หมู และแกะ,ไม่รวมกระดูก ; เงื่อนไข (1),maximum,,0.1,mg/kg,,True,เงื่อนไข (1) อ้างอิงถึงรายละเอียดเพิ่มเติมที่ไม่ปรากฏในข้อความที่ให้มา,,เนื้อสัตว์จ่าพวกวัว ควาย หมู และแกะ 0.1 ไม่รวมกระดูก (1),llm,4.0
Thaïlande,thailand_414_2020_contaminants.pdf,,ตะกั่ว (Lead),,,เนื้อและไขมันจากสัตว์ปีก,ไม่รวมกระดูก ; เงื่อนไข (1),maximum,,0.1,mg/kg,,True,เงื่อนไข (1) อ้างอิงถึงรายละเอียดเพิ่มเติมที่ไม่ปรากฏในข้อความที่ให้มา,,เนื้อและไขมันจากสัตว์ปีก 0.1 ไม่รวมกระดูก (1),llm,4.0
Thaïlande,thailand_414_2020_contaminants.pdf,,ตะกั่ว (Lead),,,เนื้อปลา,เนื้อปลาสด ไม่รวมเครื่องใน ; เงื่อนไข (1),maximum,,0.3,mg/kg,,True,เงื่อนไข (1) อ้างอิงถึงรายละเอียดเพิ่มเติมที่ไม่ปรากฏในข้อความที่ให้มา,,เนื้อปลา 0.3 เนื้อปลาสด ไม่รวมเครื่องใน (1),llm,4.0
Thaïlande,thailand_414_2020_contaminants.pdf,,ตะกั่ว (Lead),,,เครื่องในสัตว์จำพวกวัว และควาย (สมอง หัว หัวใจ ไต ตับ ลิ้นและกระเพาะ),เงื่อนไข (1),maximum,,0.2,mg/kg,,True,เงื่อนไข (1) อ้างอิงถึงรายละเอียดเพิ่มเติมที่ไม่ปรากฏในข้อความที่ให้มา,,เครื่องในสัตว์จ่าพวกวัว และควาย 0.2 ได้แก่ สมอง หัว หัวใจ ไต ตับ ลิ้นและกระเพาะ (1),llm,4.0
Thaïlande,thailand_414_2020_contaminants.pdf,,ตะกั่ว (Lead),,,เครื่องในหมู (เลือด หัวใจ ไต ตับ และลิ้น),เงื่อนไข (1),maximum,,0.15,mg/kg,,True,เงื่อนไข (1) อ้างอิงถึงรายละเอียดเพิ่มเติมที่ไม่ปรากฏในข้อความที่ให้มา,,เครื่องในหมู 0.15 ได้แก่ เลือด หัวใจ ไต ตับ และลิ้น (1),llm,4.0
Thaïlande,thailand_414_2020_contaminants.pdf,,ตะกั่ว (Lead),,,เครื่องในสัตว์ปีก เช่น เป็ด ไก่ (เลือด หัวใจ ไต ตับ กระเพาะและต่อมไทมัส),เงื่อนไข (1),maximum,,0.1,mg/kg,,True,เงื่อนไข (1) อ้างอิงถึงรายละเอียดเพิ่มเติมที่ไม่ปรากฏในข้อความที่ให้มา,,เครื่องในสัตว์ปีก เช่น เป็ด ไก่ 0.1 ได้แก่ เลือด หัวใจ ไต ตับ กระเพาะและต่อมไทมัส (1),llm,4.0
Thaïlande,thailand_414_2020_contaminants.pdf,,ตะกั่ว (Lead),,,ไข่เยี่ยวม้า,พร้อมบริโภค,maximum,,2.0,mg/kg,,False,,,ไข่เยี่ยวม้า 2 พร้อมบริโภค,llm,4.0
Thaïlande,thailand_414_2020_contaminants.pdf,,ตะกั่ว (Lead),,,น้ำนม และผลิตภัณฑ์ของนม,น้ำนมจากสัตว์เลี้ยงลูกด้วยนมทุกชนิดในสภาพเหลวสำหรับใช้เป็นวัตถุดิบ หรือพร้อมบริโภค ; รวมทั้งผลิตภัณฑ์ของนม (secondary milk products) ซึ่งได้จากการนำน้ำนมไปผ่านกระบวนการอย่างง่าย เช่น ดึงน้ำ หรือแยกเอาไขมันออก เช่น นมผง นมแปลงไขมัน ; เงื่อนไข (1),maximum,,0.02,mg/kg,,True,เงื่อนไข (1) อ้างอิงถึงรายละเอียดเพิ่มเติมที่ไม่ปรากฏในข้อความที่ให้มา,,น้่านม และผลิตภัณฑ์ของนม 0.02 น้่านมจากสัตว์เลี้ยงลูกด้วยนมทุกชนิดในสภาพ เหลวส่าหรับใช้เป็นวัตถุดิบ หรือพร้อมบริโภค รวมทั้งผลิตภัณฑ์ของนม (secondary milk products) ซึ่งได้จากการน่าน้่านมไปผ่าน กระบวนการอย่างง่าย เช่น ดึงน้่า หรือแยกเอา ไขมันออก เช่น นมผง นมแปลงไขมัน เป็นต้น (1),llm,4.0
Thaïlande,thailand_414_2020_contaminants.pdf,,ตะกั่ว (Lead),,,เนยเทียม เนยผสม ผลิตภัณฑ์เนยเทียม และผลิตภัณฑ์เนยผสม,ในสภาพพร้อมบริโภค,maximum,,0.04,mg/kg,,False,,,เนยเทียม เนยผสม ผลิตภัณฑ์เนยเทียม และ ผลิตภัณฑ์เนยผสม 0.04 ในสภาพพร้อมบริโภค,llm,4.0
Thaïlande,thailand_414_2020_contaminants.pdf,,ตะกั่ว (Lead),Pb,,"นมดัดแปลงสำหรับทารกและเด็กเล็ก, อาหารสำหรับทารกและเด็กเล็ก, อาหารทางการแพทย์สำหรับทารกและเด็กเล็ก, นมดัดแปลงสูตรต่อเนื่อง, อาหารสูตรต่อเนื่อง",ในสภาพพร้อมบริโภค (ready to consume),maximum,,0.01,mg/kg,,False,,,นมดัดแปลงส่าหรับทารกและเด็กเล็ก 0.01 ในสภาพพร้อมบริโภค,llm,5.0
Thaïlande,thailand_414_2020_contaminants.pdf,,ตะกั่ว (Lead),Pb,,เครื่องดื่มเกลือแร่,ในสภาพพร้อมบริโภค (ready to consume),maximum,,0.3,mg/kg,,False,,,เครื่องดื่มเกลือแร่ 0.3 ในสภาพพร้อมบริโภค,llm,5.0
Thaïlande,thailand_414_2020_contaminants.pdf,,ตะกั่ว (Lead),Pb,,ชา และชาสมุนไพร,น้ำชาหรือชาปรุงสำเร็จพร้อมบริโภค,maximum,,0.5,mg/kg,,False,,,ชา และชาสมุนไพร 0.5 น้่าชาหรือชาปรุงส่าเร็จพร้อมบริโภค,llm,5.0
Thaïlande,thailand_414_2020_contaminants.pdf,,ตะกั่ว (Lead),Pb,,เกลือบริโภค,เกลือเม็ด หรือเกลือป่น,maximum,,2.0,mg/kg,,False,,,เกลือบริโภค 2 เกลือเม็ด หรือเกลือป่น,llm,5.0
Thaïlande,thailand_414_2020_contaminants.pdf,,ตะกั่ว (Lead),Pb,,น้ำมันและไขมัน,พร้อมบริโภค,maximum,,0.08,mg/kg,,False,,,น้่ามันและไขมัน 0.08 พร้อมบริโภค,llm,5.0
Thaïlande,thailand_414_2020_contaminants.pdf,,ตะกั่ว (Lead),Pb,,ผลิตภัณฑ์เสริมอาหาร,ในสภาพพร้อมบริโภค,maximum,,1.0,mg/kg,,False,,,ผลิตภัณฑ์เสริมอาหาร 1 ในสภาพพร้อมบริโภค,llm,5.0
Thaïlande,thailand_414_2020_contaminants.pdf,,ตะกั่ว (Lead),Pb,,ไวน์,ในสภาพพร้อมบริโภค ; เงื่อนไข (3) ตามที่ระบุในเอกสารต้นฉบับ (ไม่ปรากฏรายละเอียดในข้อความที่ให้มา),maximum,,0.1,mg/kg,,True,เงื่อนไข (3) อ้างอิงถึงหมายเหตุที่ไม่ปรากฏในข้อความที่ให้มา,,ไวน์ 0.1 ในสภาพพร้อมบริโภค (3),llm,5.0
Thaïlande,thailand_414_2020_contaminants.pdf,,ตะกั่ว (Lead),Pb,,อาหารอื่นนอกเหนือจากรายการข้างต้น,,maximum,,1.0,mg/kg,,False,,,อาหารอื่นนอกเหนือจากรายการข้างต้น 1,llm,5.0
Thaïlande,thailand_414_2020_contaminants.pdf,,เมธิลเมอร์คิวรี (Methyl mercury),,,ปลาผู้ล่า ยกเว้น ปลากระโทง ปลาคินเมะได ปลาฉลาม และปลาทูน่า,เนื้อปลาสด หลังจากเอาระบบทางเดินอาหารออกแล้ว รวมทั้งผลิตภัณฑ์จากเนื้อปลา ; เงื่อนไข (1)(4),maximum,,1.0,mg/kg,,True,เงื่อนไข (1) และ (4) อ้างอิงถึงหมายเหตุที่ไม่ปรากฏในข้อความที่ให้มา,,ปลาผู้ล่า ยกเว้น ปลากระโทง ปลาคินเมะได ปลาฉลาม และปลาทูน่า 1.0 เนื้อปลาสด หลังจากเอาระบบทางเดินอาหารออกแล้ว รวมทั้งผลิตภัณฑ์จากเนื้อปลา (1) (4),llm,5.0
Thaïlande,thailand_414_2020_contaminants.pdf,,เมธิลเมอร์คิวรี (Methyl mercury),,,ปลากระโทง,,maximum,,1.7,mg/kg,,False,,,ปลากระโทง 1.7,llm,5.0
Thaïlande,thailand_414_2020_contaminants.pdf,,เมธิลเมอร์คิวรี (Methyl mercury),,,ปลาคินเมะได หรือปลากระพงแดงตาโต,,maximum,,1.5,mg/kg,,False,,,ปลาคินเมะได หรือปลากระพงแดงตาโต 1.5,llm,5.0
Thaïlande,thailand_414_2020_contaminants.pdf,,เมธิลเมอร์คิวรี (Methyl mercury),,,ปลาฉลาม,,maximum,,1.6,mg/kg,,False,,,ปลาฉลาม 1.6,llm,5.0
Thaïlande,thailand_414_2020_contaminants.pdf,,เมธิลเมอร์คิวรี (Methyl mercury),,,ปลาทูน่า,,maximum,,1.2,mg/kg,,False,,,ปลาทูน่า 1.2,llm,5.0
Thaïlande,thailand_414_2020_contaminants.pdf,,เมธิลเมอร์คิวรี (Methyl mercury),,,อาหารทะเลอื่นๆ,,maximum,,0.5,mg/kg,,False,,,อาหารทะเลอื่นๆ 0.5,llm,5.0
Thaïlande,thailand_414_2020_contaminants.pdf,,ปรอททั้งหมด (Total mercury),,,ผลิตภัณฑ์เสริมอาหาร,ในสภาพพร้อมบริโภค,maximum,,0.5,mg/kg,,False,,,ผลิตภัณฑ์เสริมอาหาร 0.5 ในสภาพพร้อมบริโภค,llm,5.0
Thaïlande,thailand_414_2020_contaminants.pdf,,ปรอททั้งหมด (Total mercury),,,เกลือบริโภค,เงื่อนไข (1),maximum,,0.1,mg/kg,,True,เงื่อนไข (1) อ้างอิงถึงหมายเหตุที่ไม่ปรากฏในข้อความที่ให้มา,,เกลือบริโภค 0.1 (1),llm,5.0
Thaïlande,thailand_414_2020_contaminants.pdf,,ปรอททั้งหมด (Total mercury),,,อาหารอื่น นอกจาก ปลา อาหารทะเล ผลิตภัณฑ์เสริมอาหาร และเกลือบริโภค,เงื่อนไข (1),maximum,,0.02,mg/kg,,True,เงื่อนไข (1) อ้างอิงถึงหมายเหตุที่ไม่ปรากฏในข้อความที่ให้มา,,อาหารอื่น นอกจาก ปลา อาหารทะเล ผลิตภัณฑ์เสริมอาหาร และเกลือบริโภค 0.02 (1),llm,5.0
Thaïlande,thailand_414_2020_contaminants.pdf,,สารหนูอนินทรีย์ (Inorganic arsenic),,,ข้าวขัดสี,ทั้งเมล็ด ; เงื่อนไข (1)(5),maximum,,0.2,mg/kg,,True,เงื่อนไข (1) และ (5) อ้างอิงถึงหมายเหตุที่ไม่ปรากฏในข้อความที่ให้มา,,ข้าวขัดสี 0.2 ทั้งเมล็ด (1) (5),llm,5.0
Thaïlande,thailand_414_2020_contaminants.pdf,,สารหนูอนินทรีย์ (Inorganic arsenic),,,ข้าวกล้อง,ทั้งเมล็ด ; เงื่อนไข (1)(5),maximum,,0.35,mg/kg,,True,เงื่อนไข (1) และ (5) อ้างอิงถึงหมายเหตุที่ไม่ปรากฏในข้อความที่ให้มา,,ข้าวกล้อง 0.35 ทั้งเมล็ด (1) (5),llm,5.0
Thaïlande,thailand_414_2020_contaminants.pdf,,สารหนูอนินทรีย์ (Inorganic arsenic),,,น้ำมันปลา,ในสภาพพร้อมบริโภค ; เงื่อนไข (5),maximum,,0.1,mg/kg,,True,เงื่อนไข (5) อ้างอิงถึงหมายเหตุที่ไม่ปรากฏในข้อความที่ให้มา,,น้่ามันปลา 0.1 ในสภาพพร้อมบริโภค (5),llm,5.0
Thaïlande,thailand_414_2020_contaminants.pdf,,สารหนูอนินทรีย์ (Inorganic arsenic),,,สัตว์น้ำ ผลิตภัณฑ์สัตว์น้ำ และอาหารทะเลอื่นๆ,เงื่อนไข (1)(5),maximum,,2.0,mg/kg,,True,เงื่อนไข (1) และ (5) อ้างอิงถึงหมายเหตุที่ไม่ปรากฏในข้อความที่ให้มา,,สัตว์น้่า ผลิตภัณฑ์สัตว์น้่า และ อาหารทะเลอื่นๆ 2 (1) (5),llm,5.0
Thaïlande,thailand_414_2020_contaminants.pdf,,"สารหนูทั้งหมด (Arsenic, total)",,,เนยเทียม เนยผสม ผลิตภัณฑ์เนยเทียม และผลิตภัณฑ์เนยผสม,ในสภาพพร้อมบริโภค,maximum,,0.1,mg/kg,,False,,,เนยเทียม เนยผสม ผลิตภัณฑ์เนยเทียม และผลิตภัณฑ์เนยผสม 0.1 ในสภาพพร้อมบริโภค,llm,5.0
Thaïlande,thailand_414_2020_contaminants.pdf,,"สารหนูทั้งหมด (Arsenic, total)",,,น้ำมันและไขมัน ยกเว้น น้ำมันปลา,ในสภาพพร้อมบริโภค,maximum,,0.1,mg/kg,,False,,,น้่ามันและไขมัน ยกเว้น น้่ามันปลา 0.1 ในสภาพพร้อมบริโภค,llm,5.0
Thaïlande,thailand_414_2020_contaminants.pdf,,"สารหนูทั้งหมด (Arsenic, total)",,,ชา และชาสมุนไพร,น้ำชาหรือชาปรุงสำเร็จพร้อมบริโภค,maximum,,0.2,mg/kg,,False,,,ชา และชาสมุนไพร 0.2 น้่าชาหรือชาปรุงส่าเร็จพร้อมบริโภค,llm,5.0
Thaïlande,thailand_414_2020_contaminants.pdf,,"สารหนูทั้งหมด (Arsenic, total)",,,ผลิตภัณฑ์เสริมอาหาร,ในสภาพพร้อมบริโภค,maximum,,2.0,mg/kg,,False,,,ผลิตภัณฑ์เสริมอาหาร 2 ในสภาพพร้อมบริโภค,llm,5.0
Thaïlande,thailand_414_2020_contaminants.pdf,,,,,น้ำชาหรือชาปรุงสำเร็จพร้อมบริโภค,,maximum,,0.2,,,True,"Le nom de la substance n'apparaît pas dans cet extrait (probablement un contaminant type métal lourd, coupé en haut du tableau). L'unité n'est pas non plus précisée dans le fragment fourni.",,0.2              น้่าชาหรือชาปรุงส่าเร็จพร้อมบริโภค,llm,6.0
Thaïlande,thailand_414_2020_contaminants.pdf,,,,,ผลิตภัณฑ์เสริมอาหาร,ในสภาพพร้อมบริโภค,maximum,,2.0,,,True,Le nom de la substance n'apparaît pas dans cet extrait; l'unité n'est pas précisée.,,ผลิตภัณฑ์เสริมอาหาร                                2                ในสภาพพร้อมบริโภค,llm,6.0
Thaïlande,thailand_414_2020_contaminants.pdf,,,,,เกลือบริโภค,"เกลือเม็ด หรือเกลือป่น ; (1) Valeur fixée pour la matière première selon les caractéristiques spécifiées; pour les produits transformés différents (séchés, reconstitués, dilués), la valeur maximale doit être recalculée selon le ratio de poids entre la matière première et le produit final",maximum,,0.5,,,True,Le nom de la substance n'apparaît pas dans cet extrait; l'unité n'est pas précisée.,,เกลือบริโภค                                        0.5              เกลือเม็ด หรือเกลือป่น                      (1),llm,6.0
Thaïlande,thailand_414_2020_contaminants.pdf,,,,,อาหารอื่น นอกเหนือจากรายการข้างต้น,,maximum,,2.0,,,True,Le nom de la substance n'apparaît pas dans cet extrait; l'unité n'est pas précisée.,,อาหารอื่น นอกเหนือจากรายการข้างต้น                 2,llm,6.0
Thaïlande,thailand_414_2020_contaminants.pdf,,Aflatoxin M1,,,น้ำนม,น้ำนมดิบจากสัตว์เลี้ยงลูกด้วยนม ซึ่งยังไม่ผ่านกระบวนการแปรรูป หรือเติมแต่งส่วนผสมอื่น มีลักษณะเป็นของเหลวสำหรับการบริโภคโดยตรงหรือนำไปผ่านกระบวนการแปรรูปก่อนการบริโภค ; (1) référence à la note générale sur le recalcul de la valeur maximale pour les produits transformés,maximum,,0.5,ไมโครกรัมต่อกิโลกรัม,,False,,,แอฟลาทอกซิน เอ็ม 1 (Aflatoxin M1) น้่านม 0.5 น้่านมดิบจากสัตว์เลี้ยงลูกด้วยนม ซึ่งยังไม่ผ่านกระบวนการแปรรูป หรือเติมแต่งส่วนผสมอื่น มีลักษณะเป็นของเหลวส่าหรับการบริโภคโดยตรงหรือน่าไปผ่านกระบวนการแปรรูปก่อนการบริโภค (1),llm,6.0
Thaïlande,thailand_414_2020_contaminants.pdf,,Aflatoxin ทั้งหมด (B1+B2+G1+G2),,,บราซิลนัต,10 μg/kg pour produit prêt à consommer; 15 μg/kg pour matière première devant subir tri ou nettoyage,range,10.0,15.0,ไมโครกรัมต่อกิโลกรัม,,True,"Deux valeurs maximales distinctes selon l'état du produit (prêt à consommer vs matière première), ce ne sont pas des bornes d'une plage mais deux limites séparées selon le contexte d'usage.",,บราซิลนัต 10 พร้อมบริโภค 15 วัตถุดิบซึ่งต้องผ่านกระบวนการคัดหรือท่าความสะอาด,llm,6.0
Thaïlande,thailand_414_2020_contaminants.pdf,,Aflatoxin ทั้งหมด (B1+B2+G1+G2),,,พิสทาชิโอ,10 μg/kg pour produit prêt à consommer; 15 μg/kg pour matière première devant subir tri ou nettoyage,range,10.0,15.0,ไมโครกรัมต่อกิโลกรัม,,True,"Deux valeurs maximales distinctes selon l'état du produit, pas une plage continue.",,พิสทาชิโอ 10 พร้อมบริโภค 15 วัตถุดิบซึ่งต้องผ่านกระบวนการคัดหรือท่าความสะอาด,llm,6.0
Thaïlande,thailand_414_2020_contaminants.pdf,,Aflatoxin ทั้งหมด (B1+B2+G1+G2),,,มะเดื่อฝรั่งแห้ง,พร้อมบริโภค,maximum,,10.0,ไมโครกรัมต่อกิโลกรัม,,False,,,มะเดื่อฝรั่งแห้ง 10 พร้อมบริโภค,llm,6.0
Thaïlande,thailand_414_2020_contaminants.pdf,,Aflatoxin ทั้งหมด (B1+B2+G1+G2),,,ถั่วลิสง,วัตถุดิบซึ่งต้องผ่านกระบวนการคัดหรือท่าความสะอาด,maximum,,20.0,ไมโครกรัมต่อกิโลกรัม,,False,,,ถั่วลิสง 20 วัตถุดิบซึ่งต้องผ่านกระบวนการคัดหรือท่าความสะอาด,llm,6.0
Thaïlande,thailand_414_2020_contaminants.pdf,,Aflatoxin ทั้งหมด (B1+B2+G1+G2),,,อัลมอนด์,10 μg/kg pour produit prêt à consommer; 15 μg/kg pour matière première devant subir tri ou nettoyage,range,10.0,15.0,ไมโครกรัมต่อกิโลกรัม,,True,"Deux valeurs maximales distinctes selon l'état du produit, pas une plage continue.",,อัลมอนด์ 10 พร้อมบริโภค 15 วัตถุดิบซึ่งต้องผ่านกระบวนการคัดหรือท่าความสะอาด,llm,6.0
Thaïlande,thailand_414_2020_contaminants.pdf,,Aflatoxin ทั้งหมด (B1+B2+G1+G2),,,ฮาเซลนัต,10 μg/kg pour produit prêt à consommer; 15 μg/kg pour matière première devant subir tri ou nettoyage,range,10.0,15.0,ไมโครกรัมต่อกิโลกรัม,,True,"Deux valeurs maximales distinctes selon l'état du produit, pas une plage continue.",,ฮาเซลนัต 10 พร้อมบริโภค 15 วัตถุดิบซึ่งต้องผ่านกระบวนการคัดหรือท่าความสะอาด,llm,6.0
Thaïlande,thailand_414_2020_contaminants.pdf,,Aflatoxin ทั้งหมด (B1+B2+G1+G2),,,น้ำมันถั่วลิสง และน้ำมันมะพร้าว,พร้อมบริโภค,maximum,,20.0,ไมโครกรัมต่อกิโลกรัม,,False,,,น้่ามันถั่วลิสง และน้่ามันมะพร้าว 20 พร้อมบริโภค,llm,6.0
Thaïlande,thailand_414_2020_contaminants.pdf,,Aflatoxin ทั้งหมด (B1+B2+G1+G2),,,อาหารอื่น นอกเหนือจากจากข้างต้น,,maximum,,20.0,ไมโครกรัมต่อกิโลกรัม,,False,,,อาหารอื่น นอกเหนือจากจากข้างต้น 20,llm,6.0
Thaïlande,thailand_414_2020_contaminants.pdf,,Deoxynivalenol (DON),,,ธัญพืชจำพวกข้าวสาลี ข้าวโพด หรือข้าวบาร์เลย์,ทั้งเมล็ด ซึ่งยังต้องผ่านกระบวนการคัดหรือท่าความสะอาด ; (1) référence à la note générale sur le recalcul de la valeur maximale pour les produits transformés,maximum,,2000.0,ไมโครกรัมต่อกิโลกรัม,,False,,,"ธัญพืชจ่าพวกข้าวสาลี ข้าวโพด หรือข้าวบาร์เลย์ 2,000 ทั้งเมล็ด ซึ่งยังต้องผ่านกระบวนการคัดหรือท่าความสะอาด (1)",llm,6.0
Thaïlande,thailand_414_2020_contaminants.pdf,,Deoxynivalenol (DON),,,แป้งที่ได้จากเมล็ดและเกล็ดของข้าวสาลี ข้าวโพด,(1) référence à la note générale sur le recalcul de la valeur maximale pour les produits transformés,maximum,,1000.0,ไมโครกรัมต่อกิโลกรัม,,False,,,"แป้งที่ได้จากเมล็ดและเกล็ดของข้าวสาลี ข้าวโพด 1,000 (1)",llm,6.0
Thaïlande,thailand_414_2020_contaminants.pdf,,"Substance non identifiée (probablement une mycotoxine du tableau précédent, ex. déoxynivalénol)",,,"Farine issue de grains et flocons de blé, maïs ou orge","Condition (1) : valeur calculée pour la matière première ; pour les produits transformés, recalculer selon le ratio poids matière première/produit fini",maximum,,1000.0,µg/kg,,True,Le nom de la substance n'apparaît pas dans cet extrait car le tableau est tronqué (suite d'un tableau précédent non visible).,,"แป้งที่ได้จากเมล็ดและเกล็ดของข้าวสาลี ข้าวโพด หรือข้าวบาร์เลย์ 1,000 (1)",llm,7.0
Thaïlande,thailand_414_2020_contaminants.pdf,,"Substance non identifiée (probablement une mycotoxine du tableau précédent, ex. déoxynivalénol)",,,Aliments pour nourrissons et jeunes enfants contenant des céréales,"Forme sèche, prête à consommer",maximum,,200.0,µg/kg,,True,Le nom de la substance n'apparaît pas dans cet extrait car le tableau est tronqué (suite d'un tableau précédent non visible).,,อาหารส่าหรับทารกและเด็กเล็กที่มีธัญพืชเป็นส่วนประกอบ 200 ในลักษณะแห้ง พร้อมบริโภค,llm,7.0
Thaïlande,thailand_414_2020_contaminants.pdf,,Fumonisines B1 et B2,Fumonisins B1+B2,,Maïs,"Grains crus ; Condition (1) : valeur calculée pour la matière première ; pour les produits transformés, recalculer selon le ratio poids matière première/produit fini",maximum,,4000.0,µg/kg,,False,,,"ข้าวโพด 4,000 เมล็ดดิบ (1)",llm,7.0
Thaïlande,thailand_414_2020_contaminants.pdf,,Fumonisines B1 et B2,Fumonisins B1+B2,,Farine de maïs,"Condition (1) : valeur calculée pour la matière première ; pour les produits transformés, recalculer selon le ratio poids matière première/produit fini",maximum,,2000.0,µg/kg,,False,,,"แป้งข้าวโพด 2,000 (1)",llm,7.0
Thaïlande,thailand_414_2020_contaminants.pdf,,Fumonisines B1 et B2,Fumonisins B1+B2,,Produits alimentaires contenant du maïs ou de la farine de maïs comme ingrédient,Prêt à consommer,maximum,,,µg/kg,,True,"Aucune valeur numérique n'est indiquée dans le tableau pour cette catégorie de produit, bien que la ligne existe.",,ผลิตภัณฑ์อาหารที่มีข้าวโพดหรือแป้งข้าวโพดเป็นส่วนประกอบ พร้อมบริโภค,llm,7.0
Thaïlande,thailand_414_2020_contaminants.pdf,,Ochratoxine A,Ochratoxin A,,Orge,"Grains crus ; Condition (1) : valeur calculée pour la matière première ; pour les produits transformés, recalculer selon le ratio poids matière première/produit fini",maximum,,5.0,µg/kg,,False,,,ข้าวบาร์เลย์ 5 เมล็ดดิบ (1),llm,7.0
Thaïlande,thailand_414_2020_contaminants.pdf,,Ochratoxine A,Ochratoxin A,,Seigle,"Grains crus ; Condition (1) : valeur calculée pour la matière première ; pour les produits transformés, recalculer selon le ratio poids matière première/produit fini",maximum,,5.0,µg/kg,,False,,,ข้าวไรย์ 5 เมล็ดดิบ (1),llm,7.0
Thaïlande,thailand_414_2020_contaminants.pdf,,Ochratoxine A,Ochratoxin A,,"Blé, y compris blé durum, épeautre et engrain (emmer)","Grains crus ; Condition (1) : valeur calculée pour la matière première ; pour les produits transformés, recalculer selon le ratio poids matière première/produit fini",maximum,,5.0,µg/kg,,False,,,ข้าวสาลี รวมทั้ง ดูรัมวีตสเปลต์ และเอ็มเมอร์ 5 เมล็ดดิบ (1),llm,7.0
Thaïlande,thailand_414_2020_contaminants.pdf,,Ochratoxine A,Ochratoxin A,,Piment séché ou piment en poudre,"Forme séchée ; Condition (1) : valeur calculée pour la matière première ; pour les produits transformés, recalculer selon le ratio poids matière première/produit fini",maximum,,30.0,µg/kg,,False,,,พริกแห้ง หรือพริกป่น 30 ลักษณะแห้ง (1),llm,7.0
Thaïlande,thailand_414_2020_contaminants.pdf,,Patuline,Patulin,,Jus de pomme,"Forme prête à boire, y compris le jus de pomme concentré destiné à être dilué ; Condition (1) : valeur calculée pour la matière première ; pour les produits transformés, recalculer selon le ratio poids matière première/produit fini",maximum,,50.0,µg/kg,,False,,,น้่าแอปเปิล 50 ลักษณะพร้อมดื่ม รวมทั้งน้่าแอปเปิลเข้มข้นที่จะน่าไปเจือจาง (1),llm,7.0
Thaïlande,thailand_414_2020_contaminants.pdf,,Acide hydrocyanique,hydrocyanic acid,,Gari (produit à base de manioc),Condition (1),maximum,,2.0,mg/kg,,False,,,การิที่ท่ามาจากมันส่าปะหลัง 2 (1),llm,7.0
Thaïlande,thailand_414_2020_contaminants.pdf,,Acide hydrocyanique,hydrocyanic acid,,Farine de manioc,Condition (2),maximum,,10.0,mg/kg,,True,Le texte de la condition (2) n'est pas fourni dans cet extrait.,,แป้งมันส่าปะหลัง 10 (2),llm,7.0
Thaïlande,thailand_414_2020_contaminants.pdf,,Acide gras cyclopropénoïque,cyclopropenoid fatty acid,,Huiles et graisses,Prêt à consommer,maximum,,0.4,% en poids,,False,,,น้่ามันและไขมัน 0.4 พร้อมบริโภค,llm,7.0
Thaïlande,thailand_414_2020_contaminants.pdf,,เมลามีน (melamine) และกรดซัยยานูริก (Cyanuric Acid),,,อาหารสำหรับทารกและเด็กเล็ก รวมทั้งนมดัดแปลงสำหรับทารกและเด็กเล็ก (พร้อมบริโภคชนิดเหลว),อาหารที่มีนมเป็นส่วนประกอบ หรืออาหารที่ใช้นมเป็นวัตถุดิบ,maximum,,0.15,มิลลิกรัมต่อกิโลกรัม,,False,,,อาหารส่าหรับทารกและเด็กเล็ก รวมทั้งนมดัดแปลงส่าหรับทารกและเด็กเล็ก 0.15 พร้อมบริโภคชนิดเหลว,llm,8.0
Thaïlande,thailand_414_2020_contaminants.pdf,,เมลามีน (melamine) และกรดซัยยานูริก (Cyanuric Acid),,,อาหารสำหรับทารกและเด็กเล็ก รวมทั้งนมดัดแปลงสำหรับทารกและเด็กเล็ก (พร้อมบริโภคชนิดผง),อาหารที่มีนมเป็นส่วนประกอบ หรืออาหารที่ใช้นมเป็นวัตถุดิบ,maximum,,1.0,มิลลิกรัมต่อกิโลกรัม,,False,,,นมดัดแปลงส่าหรับทารกและเด็กเล็ก 1 พร้อมบริโภคชนิดผง,llm,8.0
Thaïlande,thailand_414_2020_contaminants.pdf,,เมลามีน (melamine) และกรดซัยยานูริก (Cyanuric Acid),,,อาหารอื่น,อาหารที่มีนมเป็นส่วนประกอบ หรืออาหารที่ใช้นมเป็นวัตถุดิบ,maximum,,2.5,มิลลิกรัมต่อกิโลกรัม,,False,,,อาหารอื่น 2.5,llm,8.0
Thaïlande,thailand_414_2020_contaminants.pdf,,ไวนิลคลอไรด์มอนอเมอร์ (vinylchloride monomer),,,อาหารทุกชนิด,อาหารที่บรรจุในภาชนะพลาสติกชนิดพอลิไวนิลคลอไรด์,maximum,,0.01,มิลลิกรัมต่อกิโลกรัม,,False,,,อาหารทุกชนิด 0.01 พร้อมบริโภค (4),llm,8.0
Thaïlande,thailand_414_2020_contaminants.pdf,,อะคริโลไนไตรล์ (Acrylonitrile monomer),,,อาหารทุกชนิด,อาหารที่บรรจุในภาชนะพลาสติกซึ่งใช้อะคริโลไนไตรล์เป็นโมโนเมอร์,maximum,,0.02,มิลลิกรัมต่อกิโลกรัม,,False,,,อาหารทุกชนิด 0.02 พร้อมบริโภค (5),llm,8.0
Thaïlande,thailand_414_2020_contaminants.pdf,,คลอโรโพรเพนอล (chloropropanols) หรือ 3-เอ็มซีพีดี (3-MCPD),,,ผลิตภัณฑ์ปรุงรสที่ได้จากการย่อยโปรตีนของพืชด้วยกรด,ผลิตภัณฑ์ที่มีของแข็งที่เหลือหลังจากการระเหยน้ำไม่เกินร้อยละ 40,maximum,,0.4,มิลลิกรัมต่อกิโลกรัม,,False,,,ผลิตภัณฑ์ปรุงรสที่ไดจากการย่อยโปรตีนของพืชด้วยกรด 0.4 ผลิตภัณฑ์ที่มีของแข็งที่เหลือหลังจากการระเหยน้่าไมเกินร้อยละ 40,llm,8.0
Thaïlande,thailand_414_2020_contaminants.pdf,,คลอโรโพรเพนอล (chloropropanols) หรือ 3-เอ็มซีพีดี (3-MCPD),,,ผลิตภัณฑ์ปรุงรสที่ได้จากการย่อยโปรตีนของพืชด้วยกรด,ผลิตภัณฑ์ที่มีของแข็งที่เหลือหลังจากการระเหยน้ำมากกว่าร้อยละ 40,maximum,,1.0,มิลลิกรัมต่อกิโลกรัม,,False,,,ผลิตภัณฑ์ที่มีของแข็งที่เหลือหลังจากการระเหยน้่ามากกว่าร้อยละ 40 1,llm,8.0
Thaïlande,thailand_414_2020_contaminants.pdf,,"พูโตเนียม-238 (Pu-238), พูโตเนียม-239 (Pu-239), พูโตเนียม-240 (Pu-240), อะเมริเซียม-241 (Am-241)",,,อาหารสำหรับทารก อายุตั้งแต่ 0 ถึง 12 เดือน ในสภาพพร้อมบริโภค,,maximum,,1.0,เบคเคอเรลต่อกิโลกรัม,,False,,,พูโตเนียม-238... อาหารสาหรับทารก อายุตั้งแต่ 0 ถึง12 เดือน ในสภาพพร้อมบริโภค 1 (1),llm,8.0
Thaïlande,thailand_414_2020_contaminants.pdf,,"พูโตเนียม-238 (Pu-238), พูโตเนียม-239 (Pu-239), พูโตเนียม-240 (Pu-240), อะเมริเซียม-241 (Am-241)",,,อาหารอื่น ในสภาพพร้อมบริโภค,,maximum,,10.0,เบคเคอเรลต่อกิโลกรัม,,False,,,อาหารอื่น ในสภาพพร้อมบริโภค 10 (1),llm,8.0
Thaïlande,thailand_414_2020_contaminants.pdf,,"สทรอนเชียม-90 (Sr-90), รูทีเนียม-106 (Ru-106), ไอโอดีน-129 (I-129), ไอโอดีน-131 (I-131), ยูเรเนียม-235 (U-235)",,,อาหารสำหรับทารก อายุตั้งแต่ 0 ถึง 12 เดือน ในสภาพพร้อมบริโภค,,maximum,,100.0,เบคเคอเรลต่อกิโลกรัม,,False,,,สทรอนเชียม-90... อาหารสาหรับทารก อายุตั้งแต่ 0 ถึง12 เดือน ในสภาพพร้อมบริโภค 100 (1),llm,8.0
Thaïlande,thailand_414_2020_contaminants.pdf,,"สทรอนเชียม-90 (Sr-90), รูทีเนียม-106 (Ru-106), ไอโอดีน-129 (I-129), ไอโอดีน-131 (I-131), ยูเรเนียม-235 (U-235)",,,อาหารอื่น ในสภาพพร้อมบริโภค,,maximum,,100.0,เบคเคอเรลต่อกิโลกรัม,,False,,,อาหารอื่น ในสภาพพร้อมบริโภค 100 (1),llm,8.0
Thaïlande,thailand_414_2020_contaminants.pdf,,"ซัลเฟอร์-35 (S-35), โคบอลต์-60 (Co-60), สทรอนเชียม-89 (Sr-89), รูทีเนียม-103 (Ru-103), ซีเซียม-134 (Cs-134)",,,อาหารสำหรับทารก อายุตั้งแต่ 0 ถึง 12 เดือน ในสภาพพร้อมบริโภค,,maximum,,1000.0,เบคเคอเรลต่อกิโลกรัม,,True,"Le texte est tronqué à la fin, la valeur pour 'อาหารอื่น' (autres aliments) correspondant à ce groupe de substances n'est pas visible dans l'extrait fourni.",,"ซัลเฟอร์-35 (S-35)... อาหารสาหรับทารก อายุตั้งแต่ 0 ถึง12 เดือน ในสภาพพร้อมบริโภค 1,000 (1) (2)",llm,8.0
Thaïlande,thailand_414_2020_contaminants.pdf,,โคบอลต์-60 (Co-60),Co-60,,,ใช้กับอาหารในสภาพพร้อมบริโภค (ชื่อหมวดอาหารถูกตัดขาดในต้นฉบับ) ; เงื่อนไข (1): ปริมาณสูงสุดสำหรับอาหารพร้อมบริโภคที่มีสถานที่ผลิตหรือใช้วัตถุดิบจากพื้นที่อุบัติเหตุ/ภัยพิบัติทางนิวเคลียร์ ; เงื่อนไข (2): ตรวจวิเคราะห์ในรูปซัลเฟอร์-35 (S-35) แบบ organically bound sulphur,maximum,,1000.0,Bq/kg,,True,ชื่อหมวดอาหารที่ใช้ค่านี้ถูกตัดหายไปในข้อความ (น่าจะเป็นอาหารสำหรับทารก) หน่วยวัด (Bq/kg) ไม่ปรากฏชัดเจนในข้อความ สันนิษฐานตามมาตรฐานทั่วไป,,"1,000 (1) (2) โคบอลต-60 (Co-60) ... ในสภาพพร้อมบริโภค",llm,9.0
Thaïlande,thailand_414_2020_contaminants.pdf,,โคบอลต์-60 (Co-60),Co-60,,อาหารอื่น ในสภาพพร้อมบริโภค,,maximum,,1000.0,Bq/kg,,True,หน่วยวัดไม่ระบุชัดเจนในข้อความที่ตัดมา สันนิษฐานเป็น Bq/kg ตามมาตรฐานทั่วไปสำหรับนิวไคลด์กัมมันตรังสี,,"อาหารอื่น ในสภาพพร้อมบริโภค 1,000",llm,9.0
Thaïlande,thailand_414_2020_contaminants.pdf,,สตรอนเชียม-89 (Sr-89),Sr-89,,,ใช้กับอาหารในสภาพพร้อมบริโภค (ชื่อหมวดอาหารถูกตัดขาดในต้นฉบับ) ; เงื่อนไข (1): ปริมาณสูงสุดสำหรับอาหารพร้อมบริโภคที่มีสถานที่ผลิตหรือใช้วัตถุดิบจากพื้นที่อุบัติเหตุ/ภัยพิบัติทางนิวเคลียร์ ; เงื่อนไข (2): ตรวจวิเคราะห์ในรูปซัลเฟอร์-35 (S-35) แบบ organically bound sulphur,maximum,,1000.0,Bq/kg,,True,ชื่อหมวดอาหารถูกตัดหายไปในข้อความ,,"1,000 (1) (2) ... สทรอนเชียม-89 (Sr-89)",llm,9.0
Thaïlande,thailand_414_2020_contaminants.pdf,,สตรอนเชียม-89 (Sr-89),Sr-89,,อาหารอื่น ในสภาพพร้อมบริโภค,,maximum,,1000.0,Bq/kg,,True,หน่วยวัดสันนิษฐานเป็น Bq/kg,,"อาหารอื่น ในสภาพพร้อมบริโภค 1,000",llm,9.0
Thaïlande,thailand_414_2020_contaminants.pdf,,รูทีเนียม-103 (Ru-103),Ru-103,,,ใช้กับอาหารในสภาพพร้อมบริโภค (ชื่อหมวดอาหารถูกตัดขาดในต้นฉบับ) ; เงื่อนไข (1): ปริมาณสูงสุดสำหรับอาหารพร้อมบริโภคที่มีสถานที่ผลิตหรือใช้วัตถุดิบจากพื้นที่อุบัติเหตุ/ภัยพิบัติทางนิวเคลียร์ ; เงื่อนไข (2): ตรวจวิเคราะห์ในรูปซัลเฟอร์-35 (S-35) แบบ organically bound sulphur,maximum,,1000.0,Bq/kg,,True,ชื่อหมวดอาหารถูกตัดหายไปในข้อความ,,"1,000 (1) (2) ... รูทีเนียม-103 (Ru-103)",llm,9.0
Thaïlande,thailand_414_2020_contaminants.pdf,,รูทีเนียม-103 (Ru-103),Ru-103,,อาหารอื่น ในสภาพพร้อมบริโภค,,maximum,,1000.0,Bq/kg,,True,หน่วยวัดสันนิษฐานเป็น Bq/kg,,"อาหารอื่น ในสภาพพร้อมบริโภค 1,000",llm,9.0
Thaïlande,thailand_414_2020_contaminants.pdf,,ซีเซียม-134 (Cs-134),Cs-134,,,ใช้กับอาหารในสภาพพร้อมบริโภค (ชื่อหมวดอาหารถูกตัดขาดในต้นฉบับ) ; เงื่อนไข (1): ปริมาณสูงสุดสำหรับอาหารพร้อมบริโภคที่มีสถานที่ผลิตหรือใช้วัตถุดิบจากพื้นที่อุบัติเหตุ/ภัยพิบัติทางนิวเคลียร์ ; เงื่อนไข (2): ตรวจวิเคราะห์ในรูปซัลเฟอร์-35 (S-35) แบบ organically bound sulphur,maximum,,1000.0,Bq/kg,,True,ชื่อหมวดอาหารถูกตัดหายไปในข้อความ,,"1,000 (1) (2) ... ซีเซียม-134 (Cs-134) อาหารอื่น ในสภาพพร้อมบริโภค 1,000",llm,9.0
Thaïlande,thailand_414_2020_contaminants.pdf,,ซีเซียม-134 (Cs-134),Cs-134,,อาหารอื่น ในสภาพพร้อมบริโภค,,maximum,,1000.0,Bq/kg,,True,หน่วยวัดสันนิษฐานเป็น Bq/kg,,"อาหารอื่น ในสภาพพร้อมบริโภค 1,000",llm,9.0
Thaïlande,thailand_414_2020_contaminants.pdf,,ซีเซียม-137 (Cs-137),Cs-137,,,ใช้กับอาหารในสภาพพร้อมบริโภค (ชื่อหมวดอาหารถูกตัดขาดในต้นฉบับ) ; เงื่อนไข (1): ปริมาณสูงสุดสำหรับอาหารพร้อมบริโภคที่มีสถานที่ผลิตหรือใช้วัตถุดิบจากพื้นที่อุบัติเหตุ/ภัยพิบัติทางนิวเคลียร์ ; เงื่อนไข (2): ตรวจวิเคราะห์ในรูปซัลเฟอร์-35 (S-35) แบบ organically bound sulphur,maximum,,1000.0,Bq/kg,,True,ชื่อหมวดอาหารถูกตัดหายไปในข้อความ,,"1,000 (1) (2) ... ซีเซียม-137 (Cs-137)",llm,9.0
Thaïlande,thailand_414_2020_contaminants.pdf,,ซีเซียม-137 (Cs-137),Cs-137,,อาหารอื่น ในสภาพพร้อมบริโภค,,maximum,,1000.0,Bq/kg,,True,หน่วยวัดสันนิษฐานเป็น Bq/kg,,"อาหารอื่น ในสภาพพร้อมบริโภค 1,000",llm,9.0
Thaïlande,thailand_414_2020_contaminants.pdf,,ซีเรียม-144 (Ce-144),Ce-144,,,ใช้กับอาหารในสภาพพร้อมบริโภค (ชื่อหมวดอาหารถูกตัดขาดในต้นฉบับ) ; เงื่อนไข (1): ปริมาณสูงสุดสำหรับอาหารพร้อมบริโภคที่มีสถานที่ผลิตหรือใช้วัตถุดิบจากพื้นที่อุบัติเหตุ/ภัยพิบัติทางนิวเคลียร์ ; เงื่อนไข (2): ตรวจวิเคราะห์ในรูปซัลเฟอร์-35 (S-35) แบบ organically bound sulphur,maximum,,1000.0,Bq/kg,,True,ชื่อหมวดอาหารถูกตัดหายไปในข้อความ,,"1,000 (1) (2) ... ซีเรียม-144 (Ce-144)",llm,9.0
Thaïlande,thailand_414_2020_contaminants.pdf,,ซีเรียม-144 (Ce-144),Ce-144,,อาหารอื่น ในสภาพพร้อมบริโภค,,maximum,,1000.0,Bq/kg,,True,หน่วยวัดสันนิษฐานเป็น Bq/kg,,"อาหารอื่น ในสภาพพร้อมบริโภค 1,000",llm,9.0
Thaïlande,thailand_414_2020_contaminants.pdf,,อิริเดียม-192 (Ir-192),Ir-192,,,ใช้กับอาหารในสภาพพร้อมบริโภค (ชื่อหมวดอาหารถูกตัดขาดในต้นฉบับ) ; เงื่อนไข (1): ปริมาณสูงสุดสำหรับอาหารพร้อมบริโภคที่มีสถานที่ผลิตหรือใช้วัตถุดิบจากพื้นที่อุบัติเหตุ/ภัยพิบัติทางนิวเคลียร์ ; เงื่อนไข (2): ตรวจวิเคราะห์ในรูปซัลเฟอร์-35 (S-35) แบบ organically bound sulphur,maximum,,1000.0,Bq/kg,,True,ชื่อหมวดอาหารถูกตัดหายไปในข้อความ,,"1,000 (1) (2) ... อิริเดียม-192 (Ir-192)",llm,9.0
Thaïlande,thailand_414_2020_contaminants.pdf,,อิริเดียม-192 (Ir-192),Ir-192,,อาหารอื่น ในสภาพพร้อมบริโภค,,maximum,,1000.0,Bq/kg,,True,หน่วยวัดสันนิษฐานเป็น Bq/kg,,"อาหารอื่น ในสภาพพร้อมบริโภค 1,000",llm,9.0
